date,teamname,game,side,teamkills,teamdeaths,dragons,barons,towers,totalgold,result,split
2022-01-22 15:43:50,LOUD,1,Blue,19,17,3.0,1.0,9.0,71210,1,Split 1
2022-01-22 15:43:50,FURIA,1,Red,17,19,2.0,1.0,3.0,64612,0,Split 1
2022-01-22 17:19:08,Netshoes Miners,1,Blue,21,7,3.0,2.0,10.0,72544,1,Split 1
2022-01-22 17:19:08,Flamengo Esports,1,Red,7,21,1.0,0.0,2.0,59163,0,Split 1
2022-01-22 18:29:37,KaBuM! e-Sports,1,Blue,15,8,3.0,1.0,8.0,51114,1,Split 1
2022-01-22 18:29:37,INTZ,1,Red,7,15,1.0,0.0,1.0,40224,0,Split 1
2022-01-22 19:24:06,Rensga eSports,1,Blue,14,17,2.0,1.0,6.0,71641,0,Split 1
2022-01-22 19:24:06,RED Canids,1,Red,17,14,4.0,1.0,8.0,71408,1,Split 1
2022-01-23 15:45:36,Liberty,1,Blue,16,3,3.0,1.0,11.0,54937,1,Split 1
2022-01-23 15:45:36,Rensga eSports,1,Red,3,16,1.0,0.0,1.0,43579,0,Split 1
2022-01-23 16:53:17,RED Canids,1,Blue,20,13,2.0,1.0,7.0,71939,1,Split 1
2022-01-23 16:53:17,LOUD,1,Red,13,20,3.0,0.0,6.0,65014,0,Split 1
2022-01-23 18:05:53,INTZ,1,Blue,15,21,2.0,2.0,11.0,81381,0,Split 1
2022-01-23 18:05:53,Netshoes Miners,1,Red,21,15,4.0,1.0,9.0,82072,1,Split 1
2022-01-23 19:29:23,Flamengo Esports,1,Blue,11,20,2.0,1.0,3.0,57061,0,Split 1
2022-01-23 19:29:23,FURIA,1,Red,20,11,3.0,1.0,8.0,63007,1,Split 1
2022-01-27 19:45:23,paiN Gaming,1,Blue,20,5,3.0,1.0,11.0,53661,1,Split 1
2022-01-27 19:45:23,Liberty,1,Red,5,20,0.0,0.0,2.0,39020,0,Split 1
2022-01-27 20:50:17,paiN Gaming,1,Blue,8,22,0.0,0.0,3.0,50724,0,Split 1
2022-01-27 20:50:17,KaBuM! e-Sports,1,Red,22,8,5.0,1.0,7.0,60342,1,Split 1
2022-01-29 15:45:26,RED Canids,1,Blue,13,19,2.0,0.0,3.0,62522,0,Split 1
2022-01-29 15:45:26,Liberty,1,Red,19,13,3.0,2.0,9.0,69306,1,Split 1
2022-01-29 17:04:29,Netshoes Miners,1,Blue,15,8,1.0,2.0,9.0,61338,1,Split 1
2022-01-29 17:04:29,paiN Gaming,1,Red,8,15,3.0,0.0,5.0,56679,0,Split 1
2022-01-29 18:14:54,KaBuM! e-Sports,1,Blue,22,6,2.0,1.0,11.0,60421,1,Split 1
2022-01-29 18:14:54,Rensga eSports,1,Red,6,22,2.0,0.0,1.0,46885,0,Split 1
2022-01-29 19:10:09,FURIA,1,Blue,14,2,2.0,1.0,10.0,52142,1,Split 1
2022-01-29 19:10:09,INTZ,1,Red,2,14,0.0,0.0,1.0,39859,0,Split 1
2022-01-29 20:01:22,LOUD,1,Blue,13,14,4.0,1.0,10.0,58224,1,Split 1
2022-01-29 20:01:22,Flamengo Esports,1,Red,14,13,0.0,0.0,3.0,55068,0,Split 1
2022-01-30 15:45:05,RED Canids,1,Blue,21,11,2.0,1.0,11.0,56599,1,Split 1
2022-01-30 15:45:05,KaBuM! e-Sports,1,Red,11,21,2.0,0.0,3.0,45937,0,Split 1
2022-01-30 16:52:58,Liberty,1,Blue,26,10,3.0,1.0,11.0,70134,1,Split 1
2022-01-30 16:52:58,LOUD,1,Red,10,26,2.0,0.0,3.0,56635,0,Split 1
2022-01-30 17:58:17,Rensga eSports,1,Blue,18,9,3.0,0.0,7.0,63076,1,Split 1
2022-01-30 17:58:17,Netshoes Miners,1,Red,9,18,2.0,1.0,6.0,62041,0,Split 1
2022-01-30 19:01:49,paiN Gaming,1,Blue,9,15,1.0,0.0,3.0,51947,0,Split 1
2022-01-30 19:01:49,FURIA,1,Red,15,9,4.0,1.0,9.0,59046,1,Split 1
2022-01-30 20:01:23,INTZ,1,Blue,13,2,2.0,2.0,9.0,60305,1,Split 1
2022-01-30 20:01:23,Flamengo Esports,1,Red,2,13,2.0,0.0,3.0,51128,0,Split 1
2022-02-05 15:45:07,Netshoes Miners,1,Blue,8,18,1.0,0.0,3.0,46981,0,Split 1
2022-02-05 15:45:07,RED Canids,1,Red,18,8,3.0,1.0,10.0,59252,1,Split 1
2022-02-05 16:59:05,LOUD,1,Blue,10,2,3.0,1.0,11.0,51472,1,Split 1
2022-02-05 16:59:05,INTZ,1,Red,2,10,0.0,0.0,2.0,38742,0,Split 1
2022-02-05 17:57:56,KaBuM! e-Sports,1,Blue,25,9,1.0,1.0,9.0,57461,1,Split 1
2022-02-05 17:57:56,Liberty,1,Red,9,25,2.0,0.0,1.0,44950,0,Split 1
2022-02-05 18:57:24,Flamengo Esports,1,Blue,6,14,1.0,0.0,2.0,54723,0,Split 1
2022-02-05 18:57:24,paiN Gaming,1,Red,14,6,5.0,1.0,9.0,67394,1,Split 1
2022-02-06 15:44:23,KaBuM! e-Sports,1,Blue,24,9,1.0,0.0,9.0,53206,1,Split 1
2022-02-06 15:44:23,LOUD,1,Red,9,24,2.0,1.0,3.0,43793,0,Split 1
2022-02-06 16:51:15,RED Canids,1,Blue,4,11,0.0,0.0,3.0,43963,0,Split 1
2022-02-06 16:51:15,FURIA,1,Red,11,4,4.0,1.0,10.0,52104,1,Split 1
2022-02-06 17:48:47,paiN Gaming,1,Blue,4,16,0.0,0.0,4.0,50647,0,Split 1
2022-02-06 17:48:47,INTZ,1,Red,16,4,4.0,1.0,10.0,59761,1,Split 1
2022-02-06 18:51:38,Liberty,1,Blue,17,3,3.0,1.0,10.0,58429,1,Split 1
2022-02-06 18:51:38,Netshoes Miners,1,Red,3,17,1.0,0.0,0.0,44663,0,Split 1
2022-02-10 19:44:57,FURIA,1,Blue,24,14,4.0,2.0,11.0,61953,1,Split 1
2022-02-10 19:44:57,Rensga eSports,1,Red,14,24,0.0,0.0,2.0,50315,0,Split 1
2022-02-10 20:48:49,Rensga eSports,1,Blue,10,20,4.0,0.0,4.0,61571,0,Split 1
2022-02-10 20:48:49,Flamengo Esports,1,Red,20,10,2.0,2.0,7.0,69818,1,Split 1
2022-02-12 15:44:44,INTZ,1,Blue,7,17,0.0,0.0,2.0,42211,0,Split 1
2022-02-12 15:44:44,Rensga eSports,1,Red,17,7,3.0,1.0,9.0,54390,1,Split 1
2022-02-12 16:52:31,Flamengo Esports,1,Blue,19,10,4.0,1.0,11.0,70121,1,Split 1
2022-02-12 16:52:31,RED Canids,1,Red,10,19,2.0,0.0,7.0,65483,0,Split 1
2022-02-12 17:56:01,FURIA,1,Blue,14,12,3.0,1.0,10.0,62726,1,Split 1
2022-02-12 17:56:01,Liberty,1,Red,12,14,2.0,0.0,6.0,59152,0,Split 1
2022-02-12 18:58:26,LOUD,1,Blue,16,6,3.0,1.0,11.0,63552,1,Split 1
2022-02-12 18:58:26,paiN Gaming,1,Red,6,16,2.0,1.0,3.0,53651,0,Split 1
2022-02-12 20:04:54,Netshoes Miners,1,Blue,10,19,2.0,0.0,4.0,48093,0,Split 1
2022-02-12 20:04:54,KaBuM! e-Sports,1,Red,19,10,3.0,1.0,9.0,57947,1,Split 1
2022-02-13 15:46:01,Liberty,1,Blue,21,13,4.0,1.0,11.0,67523,1,Split 1
2022-02-13 15:46:01,Flamengo Esports,1,Red,13,21,1.0,1.0,3.0,61197,0,Split 1
2022-02-13 16:57:03,KaBuM! e-Sports,1,Blue,7,15,0.0,0.0,7.0,54384,0,Split 1
2022-02-13 16:57:03,FURIA,1,Red,15,7,4.0,2.0,11.0,60856,1,Split 1
2022-02-13 17:59:48,Netshoes Miners,1,Blue,15,18,1.0,2.0,6.0,72472,0,Split 1
2022-02-13 17:59:48,LOUD,1,Red,18,15,5.0,1.0,10.0,73191,1,Split 1
2022-02-13 19:35:55,RED Canids,1,Blue,30,8,2.0,0.0,10.0,49654,1,Split 1
2022-02-13 19:35:55,INTZ,1,Red,8,30,0.0,0.0,3.0,38220,0,Split 1
2022-02-13 20:42:35,Rensga eSports,1,Blue,5,14,0.0,0.0,2.0,47423,0,Split 1
2022-02-13 20:42:35,paiN Gaming,1,Red,14,5,5.0,1.0,11.0,60603,1,Split 1
2022-02-19 15:44:54,FURIA,1,Blue,16,22,3.0,2.0,9.0,75245,0,Split 1
2022-02-19 15:44:54,Netshoes Miners,1,Red,22,17,3.0,1.0,8.0,75412,1,Split 1
2022-02-19 17:05:43,paiN Gaming,1,Blue,8,21,2.0,0.0,2.0,50216,0,Split 1
2022-02-19 17:05:43,RED Canids,1,Red,21,8,3.0,1.0,10.0,63450,1,Split 1
2022-02-19 18:06:50,Flamengo Esports,1,Blue,4,16,1.0,0.0,3.0,47210,0,Split 1
2022-02-19 18:06:50,KaBuM! e-Sports,1,Red,16,4,3.0,2.0,10.0,57196,1,Split 1
2022-02-19 19:04:08,LOUD,1,Blue,20,8,2.0,1.0,11.0,60766,1,Split 1
2022-02-19 19:04:08,Rensga eSports,1,Red,8,20,3.0,0.0,4.0,51985,0,Split 1
2022-02-19 20:00:51,INTZ,1,Blue,6,17,1.0,0.0,2.0,50034,0,Split 1
2022-02-19 20:00:51,Liberty,1,Red,17,6,3.0,1.0,11.0,59160,1,Split 1
2022-02-20 15:45:23,RED Canids,1,Blue,15,7,2.0,1.0,7.0,47385,1,Split 1
2022-02-20 15:45:23,Rensga eSports,1,Red,7,15,1.0,0.0,4.0,41211,0,Split 1
2022-02-20 16:48:38,INTZ,1,Blue,30,15,4.0,0.0,8.0,59664,1,Split 1
2022-02-20 16:48:38,KaBuM! e-Sports,1,Red,15,30,1.0,0.0,4.0,53201,0,Split 1
2022-02-20 17:49:12,Liberty,1,Blue,16,13,3.0,2.0,11.0,66782,1,Split 1
2022-02-20 17:49:12,paiN Gaming,1,Red,13,16,2.0,0.0,5.0,63536,0,Split 1
2022-02-20 18:54:59,Flamengo Esports,1,Blue,6,13,1.0,0.0,3.0,50421,0,Split 1
2022-02-20 18:54:59,Netshoes Miners,1,Red,13,6,3.0,2.0,9.0,58230,1,Split 1
2022-02-20 19:51:32,FURIA,1,Blue,2,16,0.0,0.0,3.0,45988,0,Split 1
2022-02-20 19:51:32,LOUD,1,Red,16,2,4.0,1.0,11.0,59989,1,Split 1
2022-02-26 16:19:00,FURIA,1,Blue,19,7,2.0,1.0,10.0,61517,1,Split 1
2022-02-26 16:19:00,Flamengo Esports,1,Red,7,19,2.0,0.0,1.0,49273,0,Split 1
2022-02-26 17:22:00,LOUD,1,Blue,13,25,1.0,1.0,6.0,67312,0,Split 1
2022-02-26 17:22:00,RED Canids,1,Red,25,13,5.0,1.0,10.0,75772,1,Split 1
2022-02-26 18:06:44,Rensga eSports,1,Blue,17,11,2.0,1.0,9.0,51733,1,Split 1
2022-02-26 18:06:44,Liberty,1,Red,11,17,2.0,0.0,1.0,41866,0,Split 1
2022-02-26 19:17:05,KaBuM! e-Sports,1,Blue,6,19,2.0,0.0,2.0,44278,0,Split 1
2022-02-26 19:17:05,paiN Gaming,1,Red,19,6,2.0,1.0,10.0,57918,1,Split 1
2022-02-26 20:21:45,Netshoes Miners,1,Blue,15,13,2.0,1.0,9.0,57743,1,Split 1
2022-02-26 20:21:45,INTZ,1,Red,13,15,2.0,0.0,3.0,50592,0,Split 1
2022-02-27 16:18:31,Flamengo Esports,1,Blue,14,9,4.0,1.0,10.0,66215,1,Split 1
2022-02-27 16:18:31,LOUD,1,Red,9,14,1.0,0.0,6.0,58860,0,Split 1
2022-02-27 17:07:10,INTZ,1,Blue,17,16,1.0,0.0,5.0,53287,0,Split 1
2022-02-27 17:07:10,FURIA,1,Red,16,17,3.0,1.0,10.0,58052,1,Split 1
2022-02-27 18:28:04,paiN Gaming,1,Blue,23,5,4.0,0.0,8.0,47881,1,Split 1
2022-02-27 18:28:04,Netshoes Miners,1,Red,5,23,0.0,0.0,1.0,35004,0,Split 1
2022-02-27 19:05:31,Liberty,1,Blue,12,16,3.0,0.0,6.0,60314,0,Split 1
2022-02-27 19:05:31,RED Canids,1,Red,16,12,3.0,1.0,10.0,66211,1,Split 1
2022-02-27 20:08:12,Rensga eSports,1,Blue,20,16,1.0,1.0,4.0,61315,0,Split 1
2022-02-27 20:08:12,KaBuM! e-Sports,1,Red,16,20,4.0,1.0,8.0,60308,1,Split 1
2022-03-05 15:45:09,FURIA,1,Blue,21,16,5.0,0.0,8.0,72640,1,Split 1
2022-03-05 15:45:09,paiN Gaming,1,Red,16,21,1.0,1.0,9.0,68902,0,Split 1
2022-03-05 17:04:54,LOUD,1,Blue,21,11,5.0,1.0,7.0,74836,1,Split 1
2022-03-05 17:04:54,Liberty,1,Red,11,21,0.0,0.0,5.0,65130,0,Split 1
2022-03-05 18:17:22,Flamengo Esports,1,Blue,14,8,3.0,1.0,9.0,61872,1,Split 1
2022-03-05 18:17:22,INTZ,1,Red,8,14,2.0,0.0,5.0,55885,0,Split 1
2022-03-05 19:23:56,Netshoes Miners,1,Blue,27,14,4.0,1.0,9.0,57650,1,Split 1
2022-03-05 19:23:56,Rensga eSports,1,Red,14,27,0.0,0.0,1.0,44054,0,Split 1
2022-03-06 15:45:08,INTZ,1,Blue,5,18,0.0,0.0,1.0,36984,0,Split 1
2022-03-06 15:45:08,LOUD,1,Red,18,5,2.0,1.0,11.0,52550,1,Split 1
2022-03-06 16:50:33,paiN Gaming,1,Blue,19,12,3.0,2.0,10.0,69207,1,Split 1
2022-03-06 16:50:33,Flamengo Esports,1,Red,12,19,2.0,0.0,3.0,58894,0,Split 1
2022-03-06 17:57:22,RED Canids,1,Blue,22,14,1.0,2.0,10.0,66958,1,Split 1
2022-03-06 17:57:22,Netshoes Miners,1,Red,14,22,3.0,0.0,3.0,56402,0,Split 1
2022-03-06 19:03:00,Liberty,1,Blue,9,23,1.0,0.0,5.0,51427,0,Split 1
2022-03-06 19:03:00,KaBuM! e-Sports,1,Red,23,9,4.0,2.0,10.0,65180,1,Split 1
2022-03-06 20:02:09,Rensga eSports,1,Blue,32,17,1.0,1.0,10.0,71442,1,Split 1
2022-03-06 20:02:09,FURIA,1,Red,17,32,4.0,0.0,7.0,66044,0,Split 1
2022-03-10 19:45:07,KaBuM! e-Sports,1,Blue,21,13,4.0,1.0,10.0,65369,1,Split 1
2022-03-10 19:45:07,RED Canids,1,Red,13,21,1.0,0.0,3.0,55437,0,Split 1
2022-03-12 15:42:32,Netshoes Miners,1,Blue,23,14,2.0,1.0,9.0,68838,1,Split 1
2022-03-12 15:42:32,Liberty,1,Red,14,23,3.0,0.0,4.0,60510,0,Split 1
2022-03-12 17:05:05,Flamengo Esports,1,Blue,15,22,2.0,0.0,6.0,77803,0,Split 1
2022-03-12 17:05:05,Rensga eSports,1,Red,22,15,4.0,2.0,9.0,86260,1,Split 1
2022-03-12 18:16:50,LOUD,1,Blue,14,20,3.0,0.0,5.0,77593,0,Split 1
2022-03-12 18:16:50,KaBuM! e-Sports,1,Red,20,14,4.0,3.0,9.0,83433,1,Split 1
2022-03-12 19:30:15,FURIA,1,Blue,13,5,3.0,2.0,10.0,71269,1,Split 1
2022-03-12 19:30:15,RED Canids,1,Red,5,13,2.0,0.0,5.0,64316,0,Split 1
2022-03-12 20:41:43,INTZ,1,Blue,4,16,1.0,0.0,4.0,42708,0,Split 1
2022-03-12 20:41:43,paiN Gaming,1,Red,16,4,2.0,1.0,8.0,53706,1,Split 1
2022-03-13 15:45:01,KaBuM! e-Sports,1,Blue,31,31,3.0,1.0,6.0,68672,0,Split 1
2022-03-13 15:45:01,Netshoes Miners,1,Red,31,31,2.0,1.0,8.0,70355,1,Split 1
2022-03-13 17:01:13,Rensga eSports,1,Blue,12,14,2.0,1.0,7.0,55094,1,Split 1
2022-03-13 17:01:13,INTZ,1,Red,14,12,3.0,0.0,2.0,49284,0,Split 1
2022-03-13 17:58:30,RED Canids,1,Blue,7,19,1.0,0.0,4.0,44913,0,Split 1
2022-03-13 17:58:30,Flamengo Esports,1,Red,19,7,3.0,1.0,8.0,50601,1,Split 1
2022-03-13 18:44:29,paiN Gaming,1,Blue,22,17,1.0,2.0,8.0,74233,1,Split 1
2022-03-13 18:44:29,LOUD,1,Red,17,23,4.0,0.0,5.0,66206,0,Split 1
2022-03-13 20:13:00,Liberty,1,Blue,14,5,5.0,2.0,11.0,69676,1,Split 1
2022-03-13 20:13:00,FURIA,1,Red,5,14,1.0,0.0,7.0,66830,0,Split 1
2022-03-19 15:44:44,paiN Gaming,1,Blue,17,9,3.0,1.0,9.0,60685,1,Split 1
2022-03-19 15:44:44,Rensga eSports,1,Red,9,17,2.0,0.0,3.0,52641,0,Split 1
2022-03-19 16:59:51,FURIA,1,Blue,3,16,0.0,0.0,3.0,46370,0,Split 1
2022-03-19 16:59:51,KaBuM! e-Sports,1,Red,16,3,4.0,1.0,8.0,55858,1,Split 1
2022-03-19 17:58:57,Flamengo Esports,1,Blue,4,15,0.0,0.0,3.0,42060,0,Split 1
2022-03-19 17:58:57,Liberty,1,Red,15,4,3.0,1.0,8.0,53688,1,Split 1
2022-03-19 18:58:50,INTZ,1,Blue,15,14,2.0,1.0,4.0,66920,0,Split 1
2022-03-19 18:58:50,RED Canids,1,Red,14,15,3.0,1.0,9.0,70163,1,Split 1
2022-03-19 20:02:12,LOUD,1,Blue,6,21,0.0,0.0,3.0,51736,0,Split 1
2022-03-19 20:02:12,Netshoes Miners,1,Red,21,6,5.0,1.0,9.0,61992,1,Split 1
2022-03-20 15:45:58,Liberty,1,Blue,17,7,1.0,0.0,10.0,49444,1,Split 1
2022-03-20 15:45:58,INTZ,1,Red,7,17,1.0,0.0,2.0,39699,0,Split 1
2022-03-20 16:48:42,Rensga eSports,1,Blue,24,31,3.0,0.0,5.0,71997,0,Split 1
2022-03-20 16:48:42,LOUD,1,Red,30,24,3.0,3.0,10.0,78395,1,Split 1
2022-03-20 17:58:10,Netshoes Miners,1,Blue,20,31,1.0,1.0,4.0,57639,0,Split 1
2022-03-20 17:58:10,FURIA,1,Red,31,20,3.0,1.0,9.0,67133,1,Split 1
2022-03-20 18:58:49,KaBuM! e-Sports,1,Blue,20,12,4.0,1.0,11.0,64252,1,Split 1
2022-03-20 18:58:49,Flamengo Esports,1,Red,12,20,1.0,0.0,2.0,52976,0,Split 1
2022-03-20 19:55:55,RED Canids,1,Blue,8,21,2.0,0.0,2.0,47775,0,Split 1
2022-03-20 19:55:55,paiN Gaming,1,Red,21,8,3.0,1.0,9.0,61450,1,Split 1
2022-03-25 15:45:08,Netshoes Miners,1,Blue,8,19,2.0,0.0,3.0,56638,0,Split 1
2022-03-25 15:45:08,Liberty,1,Red,19,8,3.0,2.0,11.0,66570,1,Split 1
2022-03-25 17:00:57,Liberty,2,Blue,20,13,4.0,2.0,9.0,79596,1,Split 1
2022-03-25 17:00:57,Netshoes Miners,2,Red,13,20,2.0,1.0,7.0,77359,0,Split 1
2022-03-25 18:09:35,Liberty,3,Blue,18,6,3.0,1.0,11.0,65679,1,Split 1
2022-03-25 18:09:35,Netshoes Miners,3,Red,6,18,2.0,0.0,1.0,52422,0,Split 1
2022-03-26 15:44:55,KaBuM! e-Sports,1,Blue,15,7,0.0,0.0,9.0,57106,1,Split 1
2022-03-26 15:44:55,RED Canids,1,Red,7,15,4.0,0.0,2.0,47606,0,Split 1
2022-03-26 16:56:50,RED Canids,2,Blue,6,16,1.0,0.0,3.0,47183,0,Split 1
2022-03-26 16:56:50,KaBuM! e-Sports,2,Red,16,6,4.0,1.0,8.0,56675,1,Split 1
2022-03-26 17:52:21,RED Canids,3,Blue,18,29,1.0,1.0,3.0,54521,0,Split 1
2022-03-26 17:52:21,KaBuM! e-Sports,3,Red,29,18,2.0,1.0,11.0,61111,1,Split 1
2022-03-27 15:46:31,paiN Gaming,1,Blue,18,8,1.0,1.0,10.0,55851,1,Split 1
2022-03-27 15:46:31,FURIA,1,Red,8,18,3.0,0.0,3.0,45640,0,Split 1
2022-03-27 16:54:28,FURIA,2,Blue,18,18,2.0,2.0,11.0,78852,1,Split 1
2022-03-27 16:54:28,paiN Gaming,2,Red,18,18,5.0,0.0,3.0,70440,0,Split 1
2022-03-27 17:58:59,FURIA,3,Blue,21,16,4.0,1.0,7.0,74959,1,Split 1
2022-03-27 17:58:59,paiN Gaming,3,Red,16,21,2.0,2.0,9.0,72493,0,Split 1
2022-03-27 19:24:54,paiN Gaming,4,Blue,18,16,2.0,0.0,11.0,70810,1,Split 1
2022-03-27 19:24:54,FURIA,4,Red,16,18,4.0,2.0,5.0,65659,0,Split 1
2022-03-27 20:27:42,FURIA,5,Blue,7,17,2.0,2.0,7.0,69177,0,Split 1
2022-03-27 20:27:42,paiN Gaming,5,Red,17,7,4.0,1.0,10.0,76510,1,Split 1
2022-04-02 15:47:36,RED Canids,1,Blue,7,13,2.0,0.0,3.0,54830,0,Split 1
2022-04-02 15:47:36,Liberty,1,Red,13,7,3.0,1.0,9.0,60078,1,Split 1
2022-04-02 17:00:13,RED Canids,2,Blue,21,7,3.0,1.0,9.0,66945,1,Split 1
2022-04-02 17:00:13,Liberty,2,Red,7,21,1.0,0.0,2.0,53216,0,Split 1
2022-04-02 17:59:06,Liberty,3,Blue,13,22,2.0,0.0,6.0,64059,0,Split 1
2022-04-02 17:59:06,RED Canids,3,Red,22,13,4.0,1.0,9.0,70754,1,Split 1
2022-04-02 19:00:34,Liberty,4,Blue,16,3,1.0,0.0,10.0,43371,1,Split 1
2022-04-02 19:00:34,RED Canids,4,Red,3,16,1.0,0.0,2.0,34620,0,Split 1
2022-04-02 19:44:13,RED Canids,5,Blue,22,13,2.0,1.0,11.0,64892,1,Split 1
2022-04-02 19:44:13,Liberty,5,Red,13,22,2.0,0.0,4.0,54401,0,Split 1
2022-04-03 15:45:04,KaBuM! e-Sports,1,Blue,9,20,2.0,0.0,2.0,57276,0,Split 1
2022-04-03 15:45:04,paiN Gaming,1,Red,20,9,2.0,2.0,10.0,67069,1,Split 1
2022-04-03 17:01:13,KaBuM! e-Sports,2,Blue,12,25,3.0,0.0,4.0,68174,0,Split 1
2022-04-03 17:01:13,paiN Gaming,2,Red,25,12,4.0,2.0,10.0,78216,1,Split 1
2022-04-03 18:02:42,paiN Gaming,3,Blue,24,6,2.0,1.0,10.0,56724,1,Split 1
2022-04-03 18:02:42,KaBuM! e-Sports,3,Red,6,24,1.0,0.0,3.0,44838,0,Split 1
2022-04-09 15:45:18,FURIA,1,Blue,7,22,2.0,0.0,3.0,51908,0,Split 1
2022-04-09 15:45:18,RED Canids,1,Red,22,7,3.0,1.0,11.0,61292,1,Split 1
2022-04-09 16:59:18,RED Canids,2,Blue,10,16,4.0,0.0,3.0,61812,0,Split 1
2022-04-09 16:59:18,FURIA,2,Red,16,10,2.0,2.0,11.0,71402,1,Split 1
2022-04-09 18:21:56,RED Canids,3,Blue,18,9,4.0,1.0,8.0,75737,1,Split 1
2022-04-09 18:21:56,FURIA,3,Red,9,18,3.0,2.0,10.0,74423,0,Split 1
2022-04-09 19:19:28,RED Canids,4,Blue,24,15,2.0,1.0,11.0,65895,1,Split 1
2022-04-09 19:19:28,FURIA,4,Red,14,24,2.0,0.0,3.0,56828,0,Split 1
2022-04-10 15:45:10,RED Canids,1,Blue,21,24,1.0,1.0,3.0,61111,0,Split 1
2022-04-10 15:45:10,KaBuM! e-Sports,1,Red,24,21,4.0,1.0,9.0,68745,1,Split 1
2022-04-10 17:02:07,RED Canids,2,Blue,24,8,4.0,1.0,11.0,54548,1,Split 1
2022-04-10 17:02:07,KaBuM! e-Sports,2,Red,8,24,0.0,0.0,2.0,41172,0,Split 1
2022-04-10 17:50:16,RED Canids,3,Blue,21,17,4.0,2.0,10.0,74581,1,Split 1
2022-04-10 17:50:16,KaBuM! e-Sports,3,Red,17,21,2.0,1.0,5.0,68969,0,Split 1
2022-04-10 18:50:34,KaBuM! e-Sports,4,Blue,13,30,1.0,0.0,5.0,62089,0,Split 1
2022-04-10 18:50:34,RED Canids,4,Red,30,13,4.0,1.0,11.0,72364,1,Split 1
2022-04-23 15:45:05,RED Canids,1,Blue,9,26,0.0,0.0,2.0,46071,0,Split 1
2022-04-23 15:45:05,paiN Gaming,1,Red,26,9,4.0,1.0,9.0,59199,1,Split 1
2022-04-23 17:07:14,RED Canids,2,Blue,18,7,4.0,1.0,10.0,60902,1,Split 1
2022-04-23 17:07:14,paiN Gaming,2,Red,7,18,1.0,0.0,3.0,49948,0,Split 1
2022-04-23 18:01:45,RED Canids,3,Blue,13,26,2.0,0.0,4.0,55010,0,Split 1
2022-04-23 18:01:45,paiN Gaming,3,Red,26,13,2.0,2.0,8.0,65126,1,Split 1
2022-04-23 18:59:11,RED Canids,4,Blue,21,6,4.0,1.0,10.0,58158,1,Split 1
2022-04-23 18:59:11,paiN Gaming,4,Red,6,21,0.0,0.0,2.0,45732,0,Split 1
2022-04-23 19:51:22,RED Canids,5,Blue,16,4,4.0,1.0,9.0,49282,1,Split 1
2022-04-23 19:51:22,paiN Gaming,5,Red,4,16,0.0,0.0,4.0,44150,0,Split 1
2022-06-11 15:46:13,paiN Gaming,1,Blue,17,23,1.0,1.0,3.0,63490,0,Split 2
2022-06-11 15:46:13,RED Canids,1,Red,23,17,4.0,1.0,11.0,72190,1,Split 2
2022-06-11 17:35:55,INTZ,1,Blue,18,6,4.0,1.0,8.0,62552,1,Split 2
2022-06-11 17:35:55,Rensga eSports,1,Red,6,18,1.0,0.0,4.0,57286,0,Split 2
2022-06-11 18:16:05,Liberty,1,Blue,16,8,2.0,1.0,9.0,60746,1,Split 2
2022-06-11 18:16:05,Miners,1,Red,8,16,3.0,0.0,3.0,53042,0,Split 2
2022-06-11 19:20:30,FURIA,1,Blue,18,6,2.0,1.0,7.0,49557,1,Split 2
2022-06-11 19:20:30,KaBuM! e-Sports,1,Red,6,18,1.0,0.0,3.0,39395,0,Split 2
2022-06-11 20:22:21,Flamengo Los Grandes,1,Blue,10,20,1.0,1.0,2.0,60734,0,Split 2
2022-06-11 20:22:21,LOUD,1,Red,20,10,4.0,1.0,11.0,72848,1,Split 2
2022-06-12 15:44:40,FURIA,1,Blue,8,4,1.0,1.0,11.0,57577,1,Split 2
2022-06-12 15:44:40,Liberty,1,Red,4,8,3.0,0.0,3.0,52233,0,Split 2
2022-06-12 17:24:32,KaBuM! e-Sports,1,Blue,16,5,3.0,2.0,10.0,66150,1,Split 2
2022-06-12 17:24:32,Flamengo Los Grandes,1,Red,5,16,2.0,0.0,1.0,50428,0,Split 2
2022-06-12 18:03:47,Miners,1,Blue,23,15,2.0,1.0,8.0,67388,1,Split 2
2022-06-12 18:03:47,INTZ,1,Red,15,23,3.0,0.0,3.0,61433,0,Split 2
2022-06-12 19:08:20,LOUD,1,Blue,11,16,3.0,1.0,5.0,70785,0,Split 2
2022-06-12 19:08:20,paiN Gaming,1,Red,16,11,4.0,1.0,11.0,75005,1,Split 2
2022-06-12 20:20:14,Rensga eSports,1,Blue,6,18,0.0,0.0,3.0,46676,0,Split 2
2022-06-12 20:20:14,RED Canids,1,Red,18,6,4.0,1.0,9.0,57507,1,Split 2
2022-06-18 15:42:39,LOUD,1,Blue,8,17,2.0,0.0,2.0,44005,0,Split 2
2022-06-18 15:42:39,KaBuM! e-Sports,1,Red,17,8,2.0,1.0,9.0,55151,1,Split 2
2022-06-18 16:52:16,INTZ,1,Blue,13,17,3.0,3.0,4.0,79440,0,Split 2
2022-06-18 16:52:16,FURIA,1,Red,17,13,5.0,0.0,10.0,87783,1,Split 2
2022-06-18 18:36:43,Liberty,1,Blue,4,12,3.0,1.0,5.0,69100,0,Split 2
2022-06-18 18:36:43,Flamengo Los Grandes,1,Red,12,4,4.0,0.0,8.0,69754,1,Split 2
2022-06-18 19:24:15,RED Canids,1,Blue,15,9,5.0,1.0,10.0,73233,1,Split 2
2022-06-18 19:24:15,Miners,1,Red,9,15,1.0,0.0,3.0,63011,0,Split 2
2022-06-18 20:30:51,paiN Gaming,1,Blue,13,8,4.0,1.0,9.0,59129,1,Split 2
2022-06-18 20:30:51,Rensga eSports,1,Red,8,13,0.0,0.0,3.0,50874,0,Split 2
2022-06-19 15:42:23,LOUD,1,Blue,21,8,0.0,1.0,9.0,57077,1,Split 2
2022-06-19 15:42:23,Liberty,1,Red,8,21,3.0,0.0,3.0,45996,0,Split 2
2022-06-19 17:16:26,KaBuM! e-Sports,1,Blue,12,16,1.0,0.0,3.0,59646,0,Split 2
2022-06-19 17:16:26,paiN Gaming,1,Red,16,12,5.0,1.0,9.0,70720,1,Split 2
2022-06-19 17:59:53,Flamengo Los Grandes,1,Blue,16,2,4.0,1.0,8.0,56653,1,Split 2
2022-06-19 17:59:53,INTZ,1,Red,2,16,0.0,0.0,2.0,43192,0,Split 2
2022-06-19 18:56:34,FURIA,1,Blue,18,10,2.0,2.0,10.0,66926,1,Split 2
2022-06-19 18:56:34,RED Canids,1,Red,10,18,3.0,0.0,2.0,57025,0,Split 2
2022-06-19 19:56:54,Miners,1,Blue,20,3,4.0,2.0,11.0,59980,1,Split 2
2022-06-19 19:56:54,Rensga eSports,1,Red,3,20,0.0,0.0,2.0,46241,0,Split 2
2022-06-25 15:45:26,INTZ,1,Blue,13,24,2.0,1.0,4.0,75525,0,Split 2
2022-06-25 15:45:26,LOUD,1,Red,24,13,4.0,3.0,10.0,90376,1,Split 2
2022-06-25 17:44:01,paiN Gaming,1,Blue,13,4,3.0,1.0,9.0,71102,1,Split 2
2022-06-25 17:44:01,Miners,1,Red,4,13,3.0,0.0,2.0,59178,0,Split 2
2022-06-25 18:58:17,RED Canids,1,Blue,12,1,2.0,1.0,10.0,55481,1,Split 2
2022-06-25 18:58:17,Flamengo Los Grandes,1,Red,1,12,2.0,0.0,1.0,43554,0,Split 2
2022-06-25 19:36:26,Liberty,1,Blue,28,15,4.0,1.0,8.0,69570,1,Split 2
2022-06-25 19:36:26,KaBuM! e-Sports,1,Red,15,28,1.0,1.0,3.0,62411,0,Split 2
2022-06-25 20:45:26,Rensga eSports,1,Blue,18,4,4.0,1.0,8.0,61596,1,Split 2
2022-06-25 20:45:26,FURIA,1,Red,4,18,0.0,0.0,4.0,53205,0,Split 2
2022-06-26 15:46:12,Liberty,1,Blue,18,11,4.0,1.0,10.0,72235,1,Split 2
2022-06-26 15:46:12,paiN Gaming,1,Red,11,18,2.0,0.0,3.0,64053,0,Split 2
2022-06-26 16:59:55,LOUD,1,Blue,16,28,1.0,0.0,3.0,70006,0,Split 2
2022-06-26 16:59:55,RED Canids,1,Red,28,16,5.0,3.0,11.0,82400,1,Split 2
2022-06-26 19:31:45,FURIA,1,Blue,17,7,3.0,1.0,11.0,63727,1,Split 2
2022-06-26 19:31:45,Miners,1,Red,7,17,2.0,0.0,3.0,51706,0,Split 2
2022-06-26 20:08:42,Flamengo Los Grandes,1,Blue,18,6,2.0,1.0,9.0,64848,1,Split 2
2022-06-26 20:08:42,Rensga eSports,1,Red,6,18,3.0,1.0,2.0,53907,0,Split 2
2022-06-26 21:17:15,KaBuM! e-Sports,1,Blue,9,10,1.0,1.0,10.0,56209,1,Split 2
2022-06-26 21:17:15,INTZ,1,Red,10,9,3.0,0.0,3.0,49143,0,Split 2
2022-07-02 15:45:11,Miners,1,Blue,16,6,4.0,1.0,9.0,67861,1,Split 2
2022-07-02 15:45:11,Flamengo Los Grandes,1,Red,6,16,1.0,0.0,1.0,55525,0,Split 2
2022-07-02 16:59:08,Rensga eSports,1,Blue,7,13,1.0,0.0,2.0,42605,0,Split 2
2022-07-02 16:59:08,LOUD,1,Red,13,7,2.0,1.0,11.0,54393,1,Split 2
2022-07-02 17:54:50,RED Canids,1,Blue,21,14,4.0,2.0,8.0,69838,1,Split 2
2022-07-02 17:54:50,KaBuM! e-Sports,1,Red,14,21,2.0,1.0,3.0,60704,0,Split 2
2022-07-02 19:02:26,paiN Gaming,1,Blue,14,5,3.0,2.0,10.0,64989,1,Split 2
2022-07-02 19:02:26,FURIA,1,Red,5,14,1.0,0.0,3.0,52532,0,Split 2
2022-07-02 20:06:42,INTZ,1,Blue,4,19,0.0,0.0,1.0,39239,0,Split 2
2022-07-02 20:06:42,Liberty,1,Red,19,4,4.0,1.0,10.0,55531,1,Split 2
2022-07-03 15:45:08,KaBuM! e-Sports,1,Blue,18,3,4.0,1.0,10.0,54556,1,Split 2
2022-07-03 15:45:08,Rensga eSports,1,Red,3,18,0.0,0.0,0.0,37604,0,Split 2
2022-07-03 16:51:50,Liberty,1,Blue,8,15,2.0,0.0,4.0,54013,0,Split 2
2022-07-03 16:51:50,RED Canids,1,Red,15,8,3.0,1.0,10.0,61391,1,Split 2
2022-07-03 17:50:15,INTZ,1,Blue,6,25,2.0,0.0,3.0,61394,0,Split 2
2022-07-03 17:50:15,paiN Gaming,1,Red,25,6,4.0,2.0,11.0,73701,1,Split 2
2022-07-03 18:56:35,LOUD,1,Blue,15,5,4.0,1.0,10.0,53095,1,Split 2
2022-07-03 18:56:35,Miners,1,Red,5,15,0.0,0.0,3.0,44385,0,Split 2
2022-07-03 19:51:57,Flamengo Los Grandes,1,Blue,1,16,1.0,0.0,1.0,35648,0,Split 2
2022-07-03 19:51:57,FURIA,1,Red,16,1,2.0,1.0,10.0,51536,1,Split 2
2022-07-09 15:46:05,RED Canids,1,Blue,20,5,3.0,1.0,11.0,52277,1,Split 2
2022-07-09 15:46:05,INTZ,1,Red,5,20,1.0,0.0,1.0,39147,0,Split 2
2022-07-09 16:51:24,FURIA,1,Blue,19,7,0.0,2.0,9.0,61589,1,Split 2
2022-07-09 16:51:24,LOUD,1,Red,7,19,4.0,0.0,2.0,49634,0,Split 2
2022-07-09 17:58:01,Rensga eSports,1,Blue,5,19,2.0,0.0,3.0,64697,0,Split 2
2022-07-09 17:58:01,Liberty,1,Red,19,5,4.0,2.0,11.0,75254,1,Split 2
2022-07-09 19:07:08,paiN Gaming,1,Blue,19,10,4.0,1.0,10.0,81330,1,Split 2
2022-07-09 19:07:08,Flamengo Los Grandes,1,Red,10,19,3.0,1.0,6.0,75395,0,Split 2
2022-07-09 20:14:51,Miners,1,Blue,9,14,2.0,1.0,6.0,58824,0,Split 2
2022-07-09 20:14:51,KaBuM! e-Sports,1,Red,14,9,3.0,1.0,7.0,60866,1,Split 2
2022-07-10 15:44:59,LOUD,1,Blue,20,16,3.0,0.0,8.0,67541,0,Split 2
2022-07-10 15:44:59,Flamengo Los Grandes,1,Red,16,20,4.0,2.0,8.0,71203,1,Split 2
2022-07-10 16:59:43,Miners,1,Blue,14,19,2.0,2.0,7.0,68692,1,Split 2
2022-07-10 16:59:43,Liberty,1,Red,19,14,4.0,0.0,4.0,62440,0,Split 2
2022-07-10 18:08:20,KaBuM! e-Sports,1,Blue,7,17,2.0,0.0,2.0,55058,0,Split 2
2022-07-10 18:08:20,FURIA,1,Red,17,7,3.0,1.0,8.0,62123,1,Split 2
2022-07-10 19:10:31,Rensga eSports,1,Blue,1,16,0.0,0.0,1.0,40582,0,Split 2
2022-07-10 19:10:31,INTZ,1,Red,16,1,4.0,1.0,11.0,54627,1,Split 2
2022-07-10 20:03:25,RED Canids,1,Blue,3,25,0.0,0.0,4.0,47825,0,Split 2
2022-07-10 20:03:25,paiN Gaming,1,Red,25,3,4.0,1.0,10.0,61442,1,Split 2
2022-07-16 15:47:14,RED Canids,1,Blue,18,10,2.0,2.0,9.0,69965,1,Split 2
2022-07-16 15:47:14,Rensga eSports,1,Red,10,18,3.0,0.0,3.0,58498,0,Split 2
2022-07-16 17:03:47,paiN Gaming,1,Blue,8,9,2.0,0.0,7.0,66107,1,Split 2
2022-07-16 17:03:47,LOUD,1,Red,9,8,4.0,2.0,9.0,63696,0,Split 2
2022-07-16 18:26:21,Flamengo Los Grandes,1,Blue,6,23,1.0,0.0,1.0,45213,0,Split 2
2022-07-16 18:26:21,KaBuM! e-Sports,1,Red,23,6,3.0,2.0,11.0,61124,1,Split 2
2022-07-16 19:26:56,Liberty,1,Blue,4,12,2.0,1.0,4.0,60421,0,Split 2
2022-07-16 19:26:56,FURIA,1,Red,12,4,3.0,1.0,10.0,64412,1,Split 2
2022-07-16 20:29:52,INTZ,1,Blue,8,12,1.0,0.0,3.0,57301,0,Split 2
2022-07-16 20:29:52,Miners,1,Red,12,8,4.0,2.0,8.0,61979,1,Split 2
2022-07-17 15:44:52,Rensga eSports,1,Blue,11,21,1.0,0.0,1.0,50105,0,Split 2
2022-07-17 15:44:52,paiN Gaming,1,Red,21,11,4.0,1.0,10.0,64130,1,Split 2
2022-07-17 16:52:17,Miners,1,Blue,16,11,4.0,1.0,8.0,58856,1,Split 2
2022-07-17 16:52:17,RED Canids,1,Red,11,16,1.0,0.0,4.0,58006,0,Split 2
2022-07-17 17:48:51,FURIA,1,Blue,24,8,4.0,1.0,11.0,80562,1,Split 2
2022-07-17 17:48:51,INTZ,1,Red,8,24,2.0,1.0,0.0,64843,0,Split 2
2022-07-17 18:56:06,KaBuM! e-Sports,1,Blue,9,15,1.0,0.0,2.0,36311,0,Split 2
2022-07-17 18:56:06,LOUD,1,Red,15,9,1.0,1.0,9.0,46356,1,Split 2
2022-07-17 19:51:18,Flamengo Los Grandes,1,Blue,17,18,3.0,1.0,7.0,71456,0,Split 2
2022-07-17 19:51:18,Liberty,1,Red,18,17,3.0,2.0,6.0,72782,1,Split 2
2022-07-23 16:23:00,RED Canids,1,Blue,4,18,1.0,0.0,3.0,54048,0,Split 2
2022-07-23 16:23:00,FURIA,1,Red,17,4,4.0,1.0,9.0,66108,1,Split 2
2022-07-23 17:01:36,paiN Gaming,1,Blue,3,18,0.0,0.0,1.0,47023,0,Split 2
2022-07-23 17:01:36,KaBuM! e-Sports,1,Red,18,3,4.0,1.0,8.0,57209,1,Split 2
2022-07-23 18:27:00,Rensga eSports,1,Blue,10,17,3.0,0.0,1.0,50339,0,Split 2
2022-07-23 18:27:00,Miners,1,Red,17,10,2.0,1.0,10.0,60259,1,Split 2
2022-07-23 19:00:40,INTZ,1,Blue,18,17,4.0,0.0,7.0,69297,1,Split 2
2022-07-23 19:00:40,Flamengo Los Grandes,1,Red,17,18,3.0,2.0,6.0,70592,0,Split 2
2022-07-23 20:05:52,Liberty,1,Blue,4,20,0.0,0.0,0.0,42636,0,Split 2
2022-07-23 20:05:52,LOUD,1,Red,20,4,4.0,2.0,10.0,60553,1,Split 2
2022-07-24 15:42:36,Miners,1,Blue,3,17,3.0,1.0,0.0,52840,0,Split 2
2022-07-24 15:42:36,paiN Gaming,1,Red,17,3,3.0,1.0,11.0,66984,1,Split 2
2022-07-24 16:58:30,FURIA,1,Blue,17,11,0.0,0.0,8.0,52249,1,Split 2
2022-07-24 16:58:30,Rensga eSports,1,Red,11,17,3.0,0.0,1.0,41676,0,Split 2
2022-07-24 17:50:46,LOUD,1,Blue,26,17,2.0,2.0,8.0,69118,1,Split 2
2022-07-24 17:50:46,INTZ,1,Red,17,26,2.0,0.0,3.0,59022,0,Split 2
2022-07-24 18:51:09,KaBuM! e-Sports,1,Blue,20,3,2.0,1.0,10.0,50514,1,Split 2
2022-07-24 18:51:09,Liberty,1,Red,3,20,1.0,0.0,0.0,35504,0,Split 2
2022-07-24 19:44:34,Flamengo Los Grandes,1,Blue,12,22,2.0,0.0,2.0,42861,0,Split 2
2022-07-24 19:44:34,RED Canids,1,Red,22,12,2.0,1.0,10.0,53601,1,Split 2
2022-07-30 15:41:58,INTZ,1,Blue,7,21,0.0,0.0,0.0,41446,0,Split 2
2022-07-30 15:41:58,KaBuM! e-Sports,1,Red,21,7,4.0,1.0,11.0,57528,1,Split 2
2022-07-30 16:48:43,Rensga eSports,1,Blue,16,15,4.0,2.0,6.0,59602,0,Split 2
2022-07-30 16:48:43,Flamengo Los Grandes,1,Red,15,16,1.0,0.0,10.0,62219,1,Split 2
2022-07-30 17:47:01,paiN Gaming,1,Blue,4,15,0.0,0.0,2.0,45458,0,Split 2
2022-07-30 17:47:01,Liberty,1,Red,15,4,4.0,1.0,11.0,57032,1,Split 2
2022-07-30 18:43:00,RED Canids,1,Blue,8,20,2.0,0.0,3.0,54395,0,Split 2
2022-07-30 18:43:00,LOUD,1,Red,20,8,3.0,2.0,10.0,63181,1,Split 2
2022-07-30 19:47:12,Miners,1,Blue,8,17,2.0,0.0,2.0,64412,0,Split 2
2022-07-30 19:47:12,FURIA,1,Red,17,8,4.0,1.0,9.0,73327,1,Split 2
2022-07-31 15:41:50,Liberty,1,Blue,6,17,3.0,0.0,2.0,45810,0,Split 2
2022-07-31 15:41:50,INTZ,1,Red,17,6,1.0,1.0,7.0,54118,1,Split 2
2022-07-31 16:47:20,Flamengo Los Grandes,1,Blue,6,17,3.0,0.0,3.0,51678,0,Split 2
2022-07-31 16:47:20,Miners,1,Red,17,6,2.0,1.0,8.0,59733,1,Split 2
2022-07-31 17:47:39,LOUD,1,Blue,25,9,3.0,1.0,11.0,63353,1,Split 2
2022-07-31 17:47:39,Rensga eSports,1,Red,9,25,2.0,0.0,0.0,47321,0,Split 2
2022-07-31 18:44:08,FURIA,1,Blue,19,12,1.0,2.0,9.0,60903,1,Split 2
2022-07-31 18:44:08,paiN Gaming,1,Red,12,19,4.0,0.0,2.0,53096,0,Split 2
2022-07-31 19:47:25,KaBuM! e-Sports,1,Blue,13,33,3.0,0.0,4.0,64519,0,Split 2
2022-07-31 19:47:25,RED Canids,1,Red,33,13,4.0,1.0,9.0,78708,1,Split 2
2022-08-06 15:45:20,FURIA,1,Blue,17,25,2.0,1.0,9.0,77505,1,Split 2
2022-08-06 15:45:20,Flamengo Los Grandes,1,Red,25,17,3.0,2.0,9.0,78427,0,Split 2
2022-08-06 17:09:23,RED Canids,1,Blue,15,6,1.0,1.0,10.0,56438,1,Split 2
2022-08-06 17:09:23,Liberty,1,Red,6,15,3.0,0.0,2.0,46183,0,Split 2
2022-08-06 18:08:16,Rensga eSports,1,Blue,6,27,0.0,0.0,2.0,41485,0,Split 2
2022-08-06 18:08:16,KaBuM! e-Sports,1,Red,26,6,3.0,1.0,11.0,54977,1,Split 2
2022-08-06 19:05:09,Miners,1,Blue,5,14,2.0,0.0,2.0,52217,0,Split 2
2022-08-06 19:05:09,LOUD,1,Red,14,5,1.0,2.0,11.0,65586,1,Split 2
2022-08-06 20:05:25,paiN Gaming,1,Blue,22,9,4.0,1.0,7.0,53049,1,Split 2
2022-08-06 20:05:25,INTZ,1,Red,8,22,0.0,0.0,1.0,40294,0,Split 2
2022-08-07 15:45:28,KaBuM! e-Sports,1,Blue,21,2,3.0,1.0,10.0,59463,1,Split 2
2022-08-07 15:45:28,Miners,1,Red,2,21,1.0,0.0,1.0,42111,0,Split 2
2022-08-07 16:48:14,Flamengo Los Grandes,1,Blue,20,3,3.0,1.0,9.0,50254,1,Split 2
2022-08-07 16:48:14,paiN Gaming,1,Red,3,20,0.0,0.0,1.0,35423,0,Split 2
2022-08-07 17:38:46,INTZ,1,Blue,8,26,1.0,0.0,1.0,41073,0,Split 2
2022-08-07 17:38:46,RED Canids,1,Red,25,8,3.0,1.0,10.0,54066,1,Split 2
2022-08-07 18:47:06,Liberty,1,Blue,20,3,2.0,1.0,8.0,48864,1,Split 2
2022-08-07 18:47:06,Rensga eSports,1,Red,3,20,1.0,0.0,2.0,36193,0,Split 2
2022-08-07 19:21:35,LOUD,1,Blue,17,6,2.0,1.0,9.0,54792,1,Split 2
2022-08-07 19:21:35,FURIA,1,Red,6,17,1.0,0.0,2.0,45391,0,Split 2
2022-08-12 15:44:59,KaBuM! e-Sports,1,Blue,23,5,2.0,1.0,9.0,51657,1,Split 2
2022-08-12 15:44:59,Miners,1,Red,5,23,1.0,0.0,0.0,34860,0,Split 2
2022-08-12 16:54:22,Miners,2,Blue,3,25,0.0,0.0,0.0,36640,0,Split 2
2022-08-12 16:54:22,KaBuM! e-Sports,2,Red,25,3,3.0,1.0,10.0,58590,1,Split 2
2022-08-12 17:48:02,KaBuM! e-Sports,3,Blue,21,1,1.0,1.0,11.0,53098,1,Split 2
2022-08-12 17:48:02,Miners,3,Red,1,21,1.0,0.0,0.0,35337,0,Split 2
2022-08-13 15:45:19,FURIA,1,Blue,22,6,4.0,0.0,9.0,72523,1,Split 2
2022-08-13 15:45:19,paiN Gaming,1,Red,6,22,1.0,1.0,2.0,60542,0,Split 2
2022-08-13 17:11:42,FURIA,2,Blue,10,11,1.0,1.0,7.0,58686,0,Split 2
2022-08-13 17:11:42,paiN Gaming,2,Red,11,10,4.0,0.0,8.0,60355,1,Split 2
2022-08-13 18:12:51,FURIA,3,Blue,20,22,3.0,1.0,5.0,78271,0,Split 2
2022-08-13 18:12:51,paiN Gaming,3,Red,22,20,4.0,1.0,8.0,78251,1,Split 2
2022-08-13 19:20:42,FURIA,4,Blue,13,16,4.0,1.0,7.0,68341,0,Split 2
2022-08-13 19:20:42,paiN Gaming,4,Red,16,13,2.0,1.0,8.0,72867,1,Split 2
2022-08-14 15:45:06,RED Canids,1,Blue,26,8,2.0,1.0,9.0,64521,1,Split 2
2022-08-14 15:45:06,LOUD,1,Red,8,26,2.0,0.0,5.0,55376,0,Split 2
2022-08-14 17:05:14,RED Canids,2,Blue,6,25,0.0,0.0,1.0,39846,0,Split 2
2022-08-14 17:05:14,LOUD,2,Red,25,6,4.0,1.0,9.0,54939,1,Split 2
2022-08-14 17:55:58,RED Canids,3,Blue,10,17,1.0,0.0,2.0,52710,0,Split 2
2022-08-14 17:55:58,LOUD,3,Red,17,10,3.0,2.0,11.0,63126,1,Split 2
2022-08-14 18:54:38,RED Canids,4,Blue,14,23,0.0,0.0,4.0,51104,0,Split 2
2022-08-14 18:54:38,LOUD,4,Red,23,14,4.0,1.0,9.0,59198,1,Split 2
2022-08-20 15:45:14,RED Canids,1,Blue,37,22,4.0,2.0,9.0,81419,1,Split 2
2022-08-20 15:45:14,KaBuM! e-Sports,1,Red,22,37,2.0,0.0,3.0,68370,0,Split 2
2022-08-20 17:10:49,KaBuM! e-Sports,2,Blue,34,12,1.0,2.0,11.0,64745,1,Split 2
2022-08-20 17:10:49,RED Canids,2,Red,12,34,2.0,0.0,3.0,50021,0,Split 2
2022-08-20 18:08:02,RED Canids,3,Blue,26,5,3.0,1.0,9.0,63972,1,Split 2
2022-08-20 18:08:02,KaBuM! e-Sports,3,Red,5,26,1.0,0.0,1.0,47055,0,Split 2
2022-08-20 19:04:00,KaBuM! e-Sports,4,Blue,12,15,1.0,0.0,3.0,55878,0,Split 2
2022-08-20 19:04:00,RED Canids,4,Red,15,12,3.0,1.0,7.0,61232,1,Split 2
2022-08-21 15:45:20,LOUD,1,Blue,20,16,4.0,2.0,10.0,68620,1,Split 2
2022-08-21 15:45:20,paiN Gaming,1,Red,16,20,1.0,0.0,2.0,59710,0,Split 2
2022-08-21 17:09:34,paiN Gaming,2,Blue,16,5,3.0,1.0,9.0,56051,1,Split 2
2022-08-21 17:09:34,LOUD,2,Red,5,16,1.0,0.0,3.0,47012,0,Split 2
2022-08-21 18:04:02,LOUD,3,Blue,18,22,2.0,0.0,5.0,65983,0,Split 2
2022-08-21 18:04:02,paiN Gaming,3,Red,22,18,4.0,2.0,8.0,73986,1,Split 2
2022-08-21 19:08:32,paiN Gaming,4,Blue,20,20,2.0,2.0,6.0,79007,0,Split 2
2022-08-21 19:08:32,LOUD,4,Red,20,20,4.0,1.0,8.0,78849,1,Split 2
2022-08-21 20:22:07,LOUD,5,Blue,6,23,1.0,0.0,2.0,48766,0,Split 2
2022-08-21 20:22:07,paiN Gaming,5,Red,23,6,3.0,0.0,8.0,60361,1,Split 2
2022-08-27 15:45:26,FURIA,1,Blue,17,4,3.0,1.0,11.0,55998,1,Split 2
2022-08-27 15:45:26,RED Canids,1,Red,4,17,0.0,1.0,2.0,47952,0,Split 2
2022-08-27 17:03:52,RED Canids,2,Blue,19,5,3.0,1.0,11.0,57190,1,Split 2
2022-08-27 17:03:52,FURIA,2,Red,5,19,0.0,0.0,2.0,46088,0,Split 2
2022-08-27 17:56:37,FURIA,3,Blue,15,10,1.0,0.0,7.0,53081,1,Split 2
2022-08-27 17:56:37,RED Canids,3,Red,10,15,3.0,0.0,5.0,49483,0,Split 2
2022-08-27 18:50:03,RED Canids,4,Blue,22,7,4.0,1.0,7.0,70619,1,Split 2
2022-08-27 18:50:03,FURIA,4,Red,7,22,2.0,0.0,4.0,58415,0,Split 2
2022-08-27 19:53:14,FURIA,5,Blue,17,9,3.0,1.0,7.0,60765,1,Split 2
2022-08-27 19:53:14,RED Canids,5,Red,9,17,1.0,0.0,3.0,52932,0,Split 2
2022-08-28 15:45:44,LOUD,1,Blue,20,10,5.0,1.0,9.0,71007,1,Split 2
2022-08-28 15:45:44,FURIA,1,Red,10,20,0.0,0.0,2.0,57814,0,Split 2
2022-08-28 17:10:56,FURIA,2,Blue,11,22,1.0,0.0,3.0,46259,0,Split 2
2022-08-28 17:10:56,LOUD,2,Red,22,11,2.0,1.0,10.0,55486,1,Split 2
2022-08-28 18:03:03,LOUD,3,Blue,20,11,4.0,1.0,9.0,55366,1,Split 2
2022-08-28 18:03:03,FURIA,3,Red,11,20,0.0,0.0,3.0,46413,0,Split 2
2022-09-03 15:45:44,LOUD,1,Blue,18,12,3.0,1.0,10.0,57944,1,Split 2
2022-09-03 15:45:44,paiN Gaming,1,Red,12,18,1.0,0.0,3.0,48077,0,Split 2
2022-09-03 17:32:14,LOUD,2,Blue,19,11,3.0,1.0,11.0,67054,1,Split 2
2022-09-03 17:32:14,paiN Gaming,2,Red,11,19,2.0,0.0,2.0,58621,0,Split 2
2022-09-03 18:34:04,paiN Gaming,3,Blue,7,21,1.0,1.0,2.0,50964,0,Split 2
2022-09-03 18:34:04,LOUD,3,Red,21,7,3.0,1.0,10.0,60703,1,Split 2