teamname,split,result,totalgold,teamkills,teamdeaths,towers,dragons,barons
INTZ,Split 1,0,60597,7,19,5.0,0.0,0.0
Vivo Keyd,Split 1,1,69374,19,7,7.0,3.0,1.0
Vivo Keyd,Split 1,1,61467,15,2,11.0,3.0,1.0
INTZ,Split 1,0,43126,2,15,0.0,0.0,0.0
CNB e-Sports Club,Split 1,0,51888,9,12,3.0,2.0,0.0
KaBuM! e-Sports,Split 1,1,63554,12,9,8.0,2.0,1.0
KaBuM! e-Sports,Split 1,1,63350,11,5,11.0,2.0,1.0
CNB e-Sports Club,Split 1,0,48380,5,11,1.0,0.0,0.0
paiN Gaming,Split 1,1,87781,16,6,11.0,1.0,2.0
Team oNe eSports,Split 1,0,80048,6,16,2.0,5.0,0.0
Team oNe eSports,Split 1,0,11630,7,11,,,
Team oNe eSports,Split 1,0,11738,7,11,,,
Team oNe eSports,Split 1,0,13597,7,11,,,
Team oNe eSports,Split 1,0,13281,7,11,,,
Team oNe eSports,Split 1,0,9513,7,11,,,
paiN Gaming,Split 1,1,12887,11,7,,,
paiN Gaming,Split 1,1,11867,11,7,,,
paiN Gaming,Split 1,1,14131,11,7,,,
paiN Gaming,Split 1,1,15185,11,7,,,
paiN Gaming,Split 1,1,10021,11,7,,,
Team oNe eSports,Split 1,0,59759,7,11,2.0,1.0,0.0
paiN Gaming,Split 1,1,64091,11,7,11.0,3.0,1.0
RED Canids,Split 1,1,13671,9,0,,,
RED Canids,Split 1,1,10846,9,0,,,
RED Canids,Split 1,1,15597,9,0,,,
RED Canids,Split 1,1,14420,9,0,,,
RED Canids,Split 1,1,9416,9,0,,,
ProGaming Esports,Split 1,0,11477,0,9,,,
ProGaming Esports,Split 1,0,8633,0,9,,,
ProGaming Esports,Split 1,0,10323,0,9,,,
ProGaming Esports,Split 1,0,11720,0,9,,,
ProGaming Esports,Split 1,0,7360,0,9,,,
RED Canids,Split 1,1,63950,9,0,9.0,1.0,2.0
ProGaming Esports,Split 1,0,49513,0,9,1.0,0.0,0.0
ProGaming Esports,Split 1,1,14001,15,3,,,
ProGaming Esports,Split 1,1,14272,15,3,,,
ProGaming Esports,Split 1,1,15774,15,3,,,
ProGaming Esports,Split 1,1,15532,15,3,,,
ProGaming Esports,Split 1,1,10849,15,3,,,
RED Canids,Split 1,0,13052,3,15,,,
RED Canids,Split 1,0,9985,3,15,,,
RED Canids,Split 1,0,12236,3,15,,,
RED Canids,Split 1,0,12741,3,15,,,
RED Canids,Split 1,0,8776,3,15,,,
ProGaming Esports,Split 1,1,70428,15,3,11.0,2.0,2.0
RED Canids,Split 1,0,56790,3,15,1.0,1.0,0.0
RED Canids,Split 1,1,17514,15,15,,,
RED Canids,Split 1,1,14532,15,15,,,
RED Canids,Split 1,1,16021,15,15,,,
RED Canids,Split 1,1,19196,15,15,,,
RED Canids,Split 1,1,12613,15,15,,,
ProGaming Esports,Split 1,0,13485,15,15,,,
ProGaming Esports,Split 1,0,14179,15,15,,,
ProGaming Esports,Split 1,0,15616,15,15,,,
ProGaming Esports,Split 1,0,20346,15,15,,,
ProGaming Esports,Split 1,0,12461,15,15,,,
RED Canids,Split 1,1,79876,15,15,9.0,4.0,1.0
ProGaming Esports,Split 1,0,76087,15,15,6.0,1.0,1.0
RED Canids,Split 1,1,15256,24,12,,,
RED Canids,Split 1,1,13830,24,12,,,
RED Canids,Split 1,1,17055,24,12,,,
RED Canids,Split 1,1,19216,24,12,,,
RED Canids,Split 1,1,12879,24,12,,,
CNB e-Sports Club,Split 1,0,13863,12,24,,,
CNB e-Sports Club,Split 1,0,11150,12,24,,,
CNB e-Sports Club,Split 1,0,14415,12,24,,,
CNB e-Sports Club,Split 1,0,14635,12,24,,,
CNB e-Sports Club,Split 1,0,10209,12,24,,,
RED Canids,Split 1,1,78236,24,12,11.0,2.0,2.0
CNB e-Sports Club,Split 1,0,64272,12,24,4.0,2.0,0.0
CNB e-Sports Club,Split 1,0,9354,5,14,,,
CNB e-Sports Club,Split 1,0,8450,5,14,,,
CNB e-Sports Club,Split 1,0,9383,5,14,,,
CNB e-Sports Club,Split 1,0,9674,5,14,,,
CNB e-Sports Club,Split 1,0,7275,5,14,,,
RED Canids,Split 1,1,13488,14,5,,,
RED Canids,Split 1,1,10205,14,5,,,
RED Canids,Split 1,1,13508,14,5,,,
RED Canids,Split 1,1,14489,14,5,,,
RED Canids,Split 1,1,9353,14,5,,,
CNB e-Sports Club,Split 1,0,44136,5,14,2.0,0.0,0.0
RED Canids,Split 1,1,61043,14,5,10.0,2.0,1.0
Team oNe eSports,Split 1,0,10186,3,11,,,
Team oNe eSports,Split 1,0,8186,3,11,,,
Team oNe eSports,Split 1,0,10212,3,11,,,
Team oNe eSports,Split 1,0,11242,3,11,,,
Team oNe eSports,Split 1,0,7574,3,11,,,
INTZ,Split 1,1,12084,11,3,,,
INTZ,Split 1,1,10571,11,3,,,
INTZ,Split 1,1,12603,11,3,,,
INTZ,Split 1,1,12807,11,3,,,
INTZ,Split 1,1,8060,11,3,,,
Team oNe eSports,Split 1,0,47400,3,11,1.0,0.0,0.0
INTZ,Split 1,1,56125,11,3,8.0,2.0,1.0
INTZ,Split 1,0,20242,29,17,,,
INTZ,Split 1,0,17447,29,17,,,
INTZ,Split 1,0,26238,29,17,,,
INTZ,Split 1,0,24644,29,17,,,
INTZ,Split 1,0,15869,29,17,,,
Team oNe eSports,Split 1,1,24162,17,29,,,
Team oNe eSports,Split 1,1,16864,17,29,,,
Team oNe eSports,Split 1,1,21851,17,29,,,
Team oNe eSports,Split 1,1,27226,17,29,,,
Team oNe eSports,Split 1,1,16317,17,29,,,
INTZ,Split 1,0,104440,29,17,7.0,1.0,2.0
Team oNe eSports,Split 1,1,106420,17,29,11.0,5.0,2.0
Team oNe eSports,Split 1,1,13178,13,5,,,
Team oNe eSports,Split 1,1,12398,13,5,,,
Team oNe eSports,Split 1,1,12779,13,5,,,
Team oNe eSports,Split 1,1,18323,13,5,,,
Team oNe eSports,Split 1,1,12041,13,5,,,
INTZ,Split 1,0,10649,5,13,,,
INTZ,Split 1,0,11308,5,13,,,
INTZ,Split 1,0,13192,5,13,,,
INTZ,Split 1,0,14240,5,13,,,
INTZ,Split 1,0,8260,5,13,,,
Team oNe eSports,Split 1,1,68719,13,5,11.0,2.0,1.0
INTZ,Split 1,0,57649,5,13,0.0,1.0,0.0
Vivo Keyd,Split 1,0,9959,1,9,,,
Vivo Keyd,Split 1,0,9594,1,9,,,
Vivo Keyd,Split 1,0,12111,1,9,,,
Vivo Keyd,Split 1,0,12256,1,9,,,
Vivo Keyd,Split 1,0,8569,1,9,,,
ProGaming Esports,Split 1,1,10984,9,1,,,
ProGaming Esports,Split 1,1,10482,9,1,,,
ProGaming Esports,Split 1,1,12400,9,1,,,
ProGaming Esports,Split 1,1,15858,9,1,,,
ProGaming Esports,Split 1,1,10284,9,1,,,
Vivo Keyd,Split 1,0,52489,1,9,1.0,0.0,0.0
ProGaming Esports,Split 1,1,60008,9,1,11.0,4.0,1.0
ProGaming Esports,Split 1,1,10345,15,4,,,
ProGaming Esports,Split 1,1,10178,15,4,,,
ProGaming Esports,Split 1,1,13741,15,4,,,
ProGaming Esports,Split 1,1,14151,15,4,,,
ProGaming Esports,Split 1,1,8871,15,4,,,
Vivo Keyd,Split 1,0,9833,4,15,,,
Vivo Keyd,Split 1,0,9031,4,15,,,
Vivo Keyd,Split 1,0,9977,4,15,,,
Vivo Keyd,Split 1,0,11144,4,15,,,
Vivo Keyd,Split 1,0,7538,4,15,,,
ProGaming Esports,Split 1,1,57286,15,4,10.0,0.0,1.0
Vivo Keyd,Split 1,0,47523,4,15,3.0,2.0,0.0
KaBuM! e-Sports,Split 1,1,16393,15,5,,,
KaBuM! e-Sports,Split 1,1,11657,15,5,,,
KaBuM! e-Sports,Split 1,1,13712,15,5,,,
KaBuM! e-Sports,Split 1,1,16687,15,5,,,
KaBuM! e-Sports,Split 1,1,10743,15,5,,,
paiN Gaming,Split 1,0,10066,5,15,,,
paiN Gaming,Split 1,0,9609,5,15,,,
paiN Gaming,Split 1,0,13168,5,15,,,
paiN Gaming,Split 1,0,12254,5,15,,,
paiN Gaming,Split 1,0,8457,5,15,,,
KaBuM! e-Sports,Split 1,1,69192,15,5,8.0,2.0,2.0
paiN Gaming,Split 1,0,53554,5,15,1.0,1.0,0.0
paiN Gaming,Split 1,1,12616,11,1,,,
paiN Gaming,Split 1,1,11572,11,1,,,
paiN Gaming,Split 1,1,14387,11,1,,,
paiN Gaming,Split 1,1,16257,11,1,,,
paiN Gaming,Split 1,1,10245,11,1,,,
KaBuM! e-Sports,Split 1,0,12734,1,11,,,
KaBuM! e-Sports,Split 1,0,11093,1,11,,,
KaBuM! e-Sports,Split 1,0,12025,1,11,,,
KaBuM! e-Sports,Split 1,0,13632,1,11,,,
KaBuM! e-Sports,Split 1,0,9295,1,11,,,
paiN Gaming,Split 1,1,65077,11,1,7.0,2.0,1.0
KaBuM! e-Sports,Split 1,0,58779,1,11,4.0,1.0,1.0
KaBuM! e-Sports,Split 1,1,16393,7,1,,,
KaBuM! e-Sports,Split 1,1,11715,7,1,,,
KaBuM! e-Sports,Split 1,1,13523,7,1,,,
KaBuM! e-Sports,Split 1,1,13477,7,1,,,
KaBuM! e-Sports,Split 1,1,9888,7,1,,,
paiN Gaming,Split 1,0,9716,1,7,,,
paiN Gaming,Split 1,0,8544,1,7,,,
paiN Gaming,Split 1,0,10447,1,7,,,
paiN Gaming,Split 1,0,11323,1,7,,,
paiN Gaming,Split 1,0,7878,1,7,,,
KaBuM! e-Sports,Split 1,1,64996,7,1,10.0,4.0,2.0
paiN Gaming,Split 1,0,47908,1,7,1.0,0.0,0.0
CNB e-Sports Club,Split 1,1,13615,8,14,,,
CNB e-Sports Club,Split 1,1,11766,8,14,,,
CNB e-Sports Club,Split 1,1,20574,8,14,,,
CNB e-Sports Club,Split 1,1,16099,8,14,,,
CNB e-Sports Club,Split 1,1,9025,8,14,,,
paiN Gaming,Split 1,0,15165,14,8,,,
paiN Gaming,Split 1,0,13115,14,8,,,
paiN Gaming,Split 1,0,14937,14,8,,,
paiN Gaming,Split 1,0,16554,14,8,,,
paiN Gaming,Split 1,0,10156,14,8,,,
CNB e-Sports Club,Split 1,1,71079,8,14,9.0,0.0,1.0
paiN Gaming,Split 1,0,69927,14,8,5.0,3.0,1.0
paiN Gaming,Split 1,1,14522,13,10,,,
paiN Gaming,Split 1,1,12664,13,10,,,
paiN Gaming,Split 1,1,15596,13,10,,,
paiN Gaming,Split 1,1,15982,13,10,,,
paiN Gaming,Split 1,1,10475,13,10,,,
CNB e-Sports Club,Split 1,0,13660,10,13,,,
CNB e-Sports Club,Split 1,0,10067,10,13,,,
CNB e-Sports Club,Split 1,0,14361,10,13,,,
CNB e-Sports Club,Split 1,0,15311,10,13,,,
CNB e-Sports Club,Split 1,0,8848,10,13,,,
paiN Gaming,Split 1,1,69239,13,10,8.0,2.0,2.0
CNB e-Sports Club,Split 1,0,62247,10,13,4.0,1.0,0.0
CNB e-Sports Club,Split 1,1,11572,12,4,,,
CNB e-Sports Club,Split 1,1,9618,12,4,,,
CNB e-Sports Club,Split 1,1,13399,12,4,,,
CNB e-Sports Club,Split 1,1,12741,12,4,,,
CNB e-Sports Club,Split 1,1,6689,12,4,,,
paiN Gaming,Split 1,0,9900,4,12,,,
paiN Gaming,Split 1,0,7792,4,12,,,
paiN Gaming,Split 1,0,10598,4,12,,,
paiN Gaming,Split 1,0,10825,4,12,,,
paiN Gaming,Split 1,0,6135,4,12,,,
CNB e-Sports Club,Split 1,1,54019,12,4,9.0,3.0,1.0
paiN Gaming,Split 1,0,45250,4,12,2.0,0.0,0.0
Team oNe eSports,Split 1,0,14741,4,17,,,
Team oNe eSports,Split 1,0,11022,4,17,,,
Team oNe eSports,Split 1,0,16392,4,17,,,
Team oNe eSports,Split 1,0,15990,4,17,,,
Team oNe eSports,Split 1,0,9621,4,17,,,
Vivo Keyd,Split 1,1,15489,17,4,,,
Vivo Keyd,Split 1,1,14310,17,4,,,
Vivo Keyd,Split 1,1,18231,17,4,,,
Vivo Keyd,Split 1,1,18359,17,4,,,
Vivo Keyd,Split 1,1,11392,17,4,,,
Team oNe eSports,Split 1,0,67766,4,17,3.0,3.0,0.0
Vivo Keyd,Split 1,1,77781,17,4,10.0,2.0,2.0
Vivo Keyd,Split 1,1,14381,26,10,,,
Vivo Keyd,Split 1,1,13172,26,10,,,
Vivo Keyd,Split 1,1,16500,26,10,,,
Vivo Keyd,Split 1,1,18743,26,10,,,
Vivo Keyd,Split 1,1,11544,26,10,,,
Team oNe eSports,Split 1,0,11387,10,26,,,
Team oNe eSports,Split 1,0,10740,10,26,,,
Team oNe eSports,Split 1,0,11103,10,26,,,
Team oNe eSports,Split 1,0,15395,10,26,,,
Team oNe eSports,Split 1,0,8910,10,26,,,
Vivo Keyd,Split 1,1,74340,26,10,11.0,3.0,2.0
Team oNe eSports,Split 1,0,57535,10,26,1.0,1.0,0.0
KaBuM! e-Sports,Split 1,1,13878,10,8,,,
KaBuM! e-Sports,Split 1,1,12834,10,8,,,
KaBuM! e-Sports,Split 1,1,14609,10,8,,,
KaBuM! e-Sports,Split 1,1,14652,10,8,,,
KaBuM! e-Sports,Split 1,1,8461,10,8,,,
RED Canids,Split 1,0,10488,8,10,,,
RED Canids,Split 1,0,10048,8,10,,,
RED Canids,Split 1,0,12588,8,10,,,
RED Canids,Split 1,0,13405,8,10,,,
RED Canids,Split 1,0,7678,8,10,,,
KaBuM! e-Sports,Split 1,1,64434,10,8,11.0,3.0,2.0
RED Canids,Split 1,0,54207,8,10,3.0,1.0,0.0
RED Canids,Split 1,0,9290,3,9,,,
RED Canids,Split 1,0,6635,3,9,,,
RED Canids,Split 1,0,10360,3,9,,,
RED Canids,Split 1,0,9279,3,9,,,
RED Canids,Split 1,0,5859,3,9,,,
KaBuM! e-Sports,Split 1,1,11183,9,3,,,
KaBuM! e-Sports,Split 1,1,10327,9,3,,,
KaBuM! e-Sports,Split 1,1,10890,9,3,,,
KaBuM! e-Sports,Split 1,1,13846,9,3,,,
KaBuM! e-Sports,Split 1,1,8761,9,3,,,
RED Canids,Split 1,0,41423,3,9,1.0,1.0,0.0
KaBuM! e-Sports,Split 1,1,55007,9,3,11.0,1.0,1.0
ProGaming Esports,Split 1,1,24415,21,12,,,
ProGaming Esports,Split 1,1,14476,21,12,,,
ProGaming Esports,Split 1,1,17435,21,12,,,
ProGaming Esports,Split 1,1,19876,21,12,,,
ProGaming Esports,Split 1,1,10804,21,12,,,
INTZ,Split 1,0,18305,12,21,,,
INTZ,Split 1,0,11519,12,21,,,
INTZ,Split 1,0,17639,12,21,,,
INTZ,Split 1,0,17283,12,21,,,
INTZ,Split 1,0,10120,12,21,,,
ProGaming Esports,Split 1,1,87006,21,12,10.0,3.0,2.0
INTZ,Split 1,0,74866,12,21,6.0,3.0,0.0
INTZ,Split 1,0,10990,3,13,,,
INTZ,Split 1,0,9444,3,13,,,
INTZ,Split 1,0,10344,3,13,,,
INTZ,Split 1,0,12846,3,13,,,
INTZ,Split 1,0,6548,3,13,,,
ProGaming Esports,Split 1,1,13145,13,3,,,
ProGaming Esports,Split 1,1,10578,13,3,,,
ProGaming Esports,Split 1,1,12096,13,3,,,
ProGaming Esports,Split 1,1,12686,13,3,,,
ProGaming Esports,Split 1,1,7895,13,3,,,
INTZ,Split 1,0,50172,3,13,5.0,2.0,0.0
ProGaming Esports,Split 1,1,56400,13,3,9.0,1.0,1.0
Vivo Keyd,Split 1,0,17221,8,17,,,
Vivo Keyd,Split 1,0,10173,8,17,,,
Vivo Keyd,Split 1,0,12209,8,17,,,
Vivo Keyd,Split 1,0,12035,8,17,,,
Vivo Keyd,Split 1,0,7979,8,17,,,
paiN Gaming,Split 1,1,16553,17,8,,,
paiN Gaming,Split 1,1,12451,17,8,,,
paiN Gaming,Split 1,1,15765,17,8,,,
paiN Gaming,Split 1,1,14373,17,8,,,
paiN Gaming,Split 1,1,10237,17,8,,,
Vivo Keyd,Split 1,0,59617,8,17,3.0,1.0,0.0
paiN Gaming,Split 1,1,69379,17,8,11.0,2.0,2.0
paiN Gaming,Split 1,0,14754,6,13,,,
paiN Gaming,Split 1,0,9654,6,13,,,
paiN Gaming,Split 1,0,12128,6,13,,,
paiN Gaming,Split 1,0,14005,6,13,,,
paiN Gaming,Split 1,0,8368,6,13,,,
Vivo Keyd,Split 1,1,15502,13,6,,,
Vivo Keyd,Split 1,1,12144,13,6,,,
Vivo Keyd,Split 1,1,15289,13,6,,,
Vivo Keyd,Split 1,1,16167,13,6,,,
Vivo Keyd,Split 1,1,9100,13,6,,,
paiN Gaming,Split 1,0,58909,6,13,3.0,0.0,0.0
Vivo Keyd,Split 1,1,68202,13,6,10.0,2.0,2.0
Vivo Keyd,Split 1,1,20448,17,11,,,
Vivo Keyd,Split 1,1,12909,17,11,,,
Vivo Keyd,Split 1,1,17229,17,11,,,
Vivo Keyd,Split 1,1,18715,17,11,,,
Vivo Keyd,Split 1,1,11262,17,11,,,
paiN Gaming,Split 1,0,16784,11,17,,,
paiN Gaming,Split 1,0,11998,11,17,,,
paiN Gaming,Split 1,0,14902,11,17,,,
paiN Gaming,Split 1,0,16497,11,17,,,
paiN Gaming,Split 1,0,9046,11,17,,,
Vivo Keyd,Split 1,1,80563,17,11,11.0,0.0,1.0
paiN Gaming,Split 1,0,69227,11,17,4.0,2.0,0.0
KaBuM! e-Sports,Split 1,1,13500,15,5,,,
KaBuM! e-Sports,Split 1,1,10857,15,5,,,
KaBuM! e-Sports,Split 1,1,14240,15,5,,,
KaBuM! e-Sports,Split 1,1,17017,15,5,,,
KaBuM! e-Sports,Split 1,1,8831,15,5,,,
ProGaming Esports,Split 1,0,10559,5,15,,,
ProGaming Esports,Split 1,0,8286,5,15,,,
ProGaming Esports,Split 1,0,9946,5,15,,,
ProGaming Esports,Split 1,0,12494,5,15,,,
ProGaming Esports,Split 1,0,6389,5,15,,,
KaBuM! e-Sports,Split 1,1,64445,15,5,9.0,3.0,2.0
ProGaming Esports,Split 1,0,47674,5,15,1.0,0.0,0.0
ProGaming Esports,Split 1,1,18338,12,4,,,
ProGaming Esports,Split 1,1,11186,12,4,,,
ProGaming Esports,Split 1,1,16444,12,4,,,
ProGaming Esports,Split 1,1,17374,12,4,,,
ProGaming Esports,Split 1,1,8998,12,4,,,
KaBuM! e-Sports,Split 1,0,18858,4,12,,,
KaBuM! e-Sports,Split 1,0,9849,4,12,,,
KaBuM! e-Sports,Split 1,0,13451,4,12,,,
KaBuM! e-Sports,Split 1,0,14837,4,12,,,
KaBuM! e-Sports,Split 1,0,7849,4,12,,,
ProGaming Esports,Split 1,1,72340,12,4,10.0,4.0,1.0
KaBuM! e-Sports,Split 1,0,64844,4,12,2.0,0.0,1.0
KaBuM! e-Sports,Split 1,1,15344,20,15,,,
KaBuM! e-Sports,Split 1,1,10864,20,15,,,
KaBuM! e-Sports,Split 1,1,14773,20,15,,,
KaBuM! e-Sports,Split 1,1,16911,20,15,,,
KaBuM! e-Sports,Split 1,1,9372,20,15,,,
ProGaming Esports,Split 1,0,10132,15,20,,,
ProGaming Esports,Split 1,0,9595,15,20,,,
ProGaming Esports,Split 1,0,14540,15,20,,,
ProGaming Esports,Split 1,0,13579,15,20,,,
ProGaming Esports,Split 1,0,8138,15,20,,,
KaBuM! e-Sports,Split 1,1,67264,20,15,10.0,2.0,2.0
ProGaming Esports,Split 1,0,55984,15,20,3.0,2.0,0.0
Team oNe eSports,Split 1,0,11746,2,8,,,
Team oNe eSports,Split 1,0,8619,2,8,,,
Team oNe eSports,Split 1,0,11414,2,8,,,
Team oNe eSports,Split 1,0,11035,2,8,,,
Team oNe eSports,Split 1,0,7204,2,8,,,
RED Canids,Split 1,1,14406,8,2,,,
RED Canids,Split 1,1,10766,8,2,,,
RED Canids,Split 1,1,14737,8,2,,,
RED Canids,Split 1,1,14608,8,2,,,
RED Canids,Split 1,1,7956,8,2,,,
Team oNe eSports,Split 1,0,50018,2,8,2.0,2.0,0.0
RED Canids,Split 1,1,62473,8,2,9.0,0.0,1.0
RED Canids,Split 1,1,24074,25,13,,,
RED Canids,Split 1,1,14444,25,13,,,
RED Canids,Split 1,1,18893,25,13,,,
RED Canids,Split 1,1,17979,25,13,,,
RED Canids,Split 1,1,10834,25,13,,,
Team oNe eSports,Split 1,0,16931,13,25,,,
Team oNe eSports,Split 1,0,12045,13,25,,,
Team oNe eSports,Split 1,0,16425,13,25,,,
Team oNe eSports,Split 1,0,16644,13,25,,,
Team oNe eSports,Split 1,0,10276,13,25,,,
RED Canids,Split 1,1,86224,25,13,9.0,1.0,2.0
Team oNe eSports,Split 1,0,72321,13,25,5.0,3.0,1.0
INTZ,Split 1,1,13095,15,5,,,
INTZ,Split 1,1,10900,15,5,,,
INTZ,Split 1,1,12164,15,5,,,
INTZ,Split 1,1,13782,15,5,,,
INTZ,Split 1,1,7750,15,5,,,
CNB e-Sports Club,Split 1,0,9508,5,15,,,
CNB e-Sports Club,Split 1,0,8379,5,15,,,
CNB e-Sports Club,Split 1,0,10986,5,15,,,
CNB e-Sports Club,Split 1,0,10258,5,15,,,
CNB e-Sports Club,Split 1,0,6316,5,15,,,
INTZ,Split 1,1,57691,15,5,10.0,2.0,1.0
CNB e-Sports Club,Split 1,0,45447,5,15,2.0,1.0,0.0
CNB e-Sports Club,Split 1,0,21204,9,20,,,
CNB e-Sports Club,Split 1,0,11083,9,20,,,
CNB e-Sports Club,Split 1,0,16617,9,20,,,
CNB e-Sports Club,Split 1,0,15430,9,20,,,
CNB e-Sports Club,Split 1,0,9096,9,20,,,
INTZ,Split 1,1,17721,20,9,,,
INTZ,Split 1,1,14504,20,9,,,
INTZ,Split 1,1,19122,20,9,,,
INTZ,Split 1,1,20651,20,9,,,
INTZ,Split 1,1,11224,20,9,,,
CNB e-Sports Club,Split 1,0,73430,9,20,4.0,1.0,0.0
INTZ,Split 1,1,83222,20,9,11.0,2.0,2.0
KaBuM! e-Sports,Split 1,1,14409,11,2,,,
KaBuM! e-Sports,Split 1,1,9828,11,2,,,
KaBuM! e-Sports,Split 1,1,12537,11,2,,,
KaBuM! e-Sports,Split 1,1,13901,11,2,,,
KaBuM! e-Sports,Split 1,1,8157,11,2,,,
Team oNe eSports,Split 1,0,9123,2,11,,,
Team oNe eSports,Split 1,0,7456,2,11,,,
Team oNe eSports,Split 1,0,9931,2,11,,,
Team oNe eSports,Split 1,0,11173,2,11,,,
Team oNe eSports,Split 1,0,6325,2,11,,,
KaBuM! e-Sports,Split 1,1,58832,11,2,9.0,1.0,1.0
Team oNe eSports,Split 1,0,44008,2,11,1.0,1.0,0.0
Team oNe eSports,Split 1,0,8462,10,20,,,
Team oNe eSports,Split 1,0,8342,10,20,,,
Team oNe eSports,Split 1,0,9128,10,20,,,
Team oNe eSports,Split 1,0,10758,10,20,,,
Team oNe eSports,Split 1,0,6850,10,20,,,
KaBuM! e-Sports,Split 1,1,12887,20,10,,,
KaBuM! e-Sports,Split 1,1,10580,20,10,,,
KaBuM! e-Sports,Split 1,1,12174,20,10,,,
KaBuM! e-Sports,Split 1,1,11209,20,10,,,
KaBuM! e-Sports,Split 1,1,7230,20,10,,,
Team oNe eSports,Split 1,0,43540,10,20,4.0,1.0,0.0
KaBuM! e-Sports,Split 1,1,54080,20,10,9.0,1.0,1.0
Vivo Keyd,Split 1,0,14094,3,17,,,
Vivo Keyd,Split 1,0,10378,3,17,,,
Vivo Keyd,Split 1,0,13801,3,17,,,
Vivo Keyd,Split 1,0,14081,3,17,,,
Vivo Keyd,Split 1,0,8018,3,17,,,
RED Canids,Split 1,1,13316,17,3,,,
RED Canids,Split 1,1,11509,17,3,,,
RED Canids,Split 1,1,16180,17,3,,,
RED Canids,Split 1,1,17552,17,3,,,
RED Canids,Split 1,1,10380,17,3,,,
Vivo Keyd,Split 1,0,60372,3,17,3.0,2.0,0.0
RED Canids,Split 1,1,68937,17,3,7.0,0.0,1.0
RED Canids,Split 1,1,17672,16,2,,,
RED Canids,Split 1,1,13549,16,2,,,
RED Canids,Split 1,1,17008,16,2,,,
RED Canids,Split 1,1,18018,16,2,,,
RED Canids,Split 1,1,9562,16,2,,,
Vivo Keyd,Split 1,0,16333,2,16,,,
Vivo Keyd,Split 1,0,11179,2,16,,,
Vivo Keyd,Split 1,0,14874,2,16,,,
Vivo Keyd,Split 1,0,14610,2,16,,,
Vivo Keyd,Split 1,0,8755,2,16,,,
RED Canids,Split 1,1,75809,16,2,8.0,3.0,2.0
Vivo Keyd,Split 1,0,65751,2,16,6.0,1.0,0.0
INTZ,Split 1,1,17179,14,7,,,
INTZ,Split 1,1,13744,14,7,,,
INTZ,Split 1,1,16369,14,7,,,
INTZ,Split 1,1,15596,14,7,,,
INTZ,Split 1,1,9198,14,7,,,
paiN Gaming,Split 1,0,15311,7,14,,,
paiN Gaming,Split 1,0,10709,7,14,,,
paiN Gaming,Split 1,0,13042,7,14,,,
paiN Gaming,Split 1,0,13670,7,14,,,
paiN Gaming,Split 1,0,8185,7,14,,,
INTZ,Split 1,1,72086,14,7,10.0,2.0,2.0
paiN Gaming,Split 1,0,60917,7,14,3.0,2.0,0.0
paiN Gaming,Split 1,1,12623,10,1,,,
paiN Gaming,Split 1,1,12568,10,1,,,
paiN Gaming,Split 1,1,16304,10,1,,,
paiN Gaming,Split 1,1,16385,10,1,,,
paiN Gaming,Split 1,1,10342,10,1,,,
INTZ,Split 1,0,12456,1,10,,,
INTZ,Split 1,0,9388,1,10,,,
INTZ,Split 1,0,15870,1,10,,,
INTZ,Split 1,0,11440,1,10,,,
INTZ,Split 1,0,6861,1,10,,,
paiN Gaming,Split 1,1,68222,10,1,11.0,3.0,2.0
INTZ,Split 1,0,56015,1,10,2.0,0.0,0.0
INTZ,Split 1,1,13778,12,8,,,
INTZ,Split 1,1,11498,12,8,,,
INTZ,Split 1,1,12116,12,8,,,
INTZ,Split 1,1,13452,12,8,,,
INTZ,Split 1,1,7715,12,8,,,
paiN Gaming,Split 1,0,14344,8,12,,,
paiN Gaming,Split 1,0,10290,8,12,,,
paiN Gaming,Split 1,0,11991,8,12,,,
paiN Gaming,Split 1,0,12728,8,12,,,
paiN Gaming,Split 1,0,7906,8,12,,,
INTZ,Split 1,1,58559,12,8,9.0,0.0,0.0
paiN Gaming,Split 1,0,57259,8,12,3.0,2.0,1.0
ProGaming Esports,Split 1,1,18786,12,9,,,
ProGaming Esports,Split 1,1,13276,12,9,,,
ProGaming Esports,Split 1,1,15377,12,9,,,
ProGaming Esports,Split 1,1,18885,12,9,,,
ProGaming Esports,Split 1,1,11040,12,9,,,
CNB e-Sports Club,Split 1,0,12287,9,12,,,
CNB e-Sports Club,Split 1,0,11059,9,12,,,
CNB e-Sports Club,Split 1,0,16491,9,12,,,
CNB e-Sports Club,Split 1,0,16312,9,12,,,
CNB e-Sports Club,Split 1,0,8413,9,12,,,
ProGaming Esports,Split 1,1,77364,12,9,11.0,3.0,3.0
CNB e-Sports Club,Split 1,0,64562,9,12,2.0,3.0,0.0
CNB e-Sports Club,Split 1,1,19160,13,9,,,
CNB e-Sports Club,Split 1,1,14076,13,9,,,
CNB e-Sports Club,Split 1,1,19504,13,9,,,
CNB e-Sports Club,Split 1,1,20428,13,9,,,
CNB e-Sports Club,Split 1,1,12202,13,9,,,
ProGaming Esports,Split 1,0,20555,9,13,,,
ProGaming Esports,Split 1,0,10774,9,13,,,
ProGaming Esports,Split 1,0,16650,9,13,,,
ProGaming Esports,Split 1,0,18829,9,13,,,
ProGaming Esports,Split 1,0,9654,9,13,,,
CNB e-Sports Club,Split 1,1,85370,13,9,11.0,3.0,2.0
ProGaming Esports,Split 1,0,76462,9,13,3.0,1.0,1.0
ProGaming Esports,Split 1,0,14562,6,16,,,
ProGaming Esports,Split 1,0,9792,6,16,,,
ProGaming Esports,Split 1,0,13955,6,16,,,
ProGaming Esports,Split 1,0,15914,6,16,,,
ProGaming Esports,Split 1,0,8021,6,16,,,
CNB e-Sports Club,Split 1,1,15917,16,6,,,
CNB e-Sports Club,Split 1,1,12403,16,6,,,
CNB e-Sports Club,Split 1,1,17791,16,6,,,
CNB e-Sports Club,Split 1,1,17822,16,6,,,
CNB e-Sports Club,Split 1,1,10659,16,6,,,
ProGaming Esports,Split 1,0,62244,6,16,4.0,1.0,0.0
CNB e-Sports Club,Split 1,1,74592,16,6,10.0,3.0,2.0
RED Canids,Split 1,1,22380,15,19,,,
RED Canids,Split 1,1,22852,15,19,,,
RED Canids,Split 1,1,30576,15,19,,,
RED Canids,Split 1,1,27862,15,19,,,
RED Canids,Split 1,1,16533,15,19,,,
INTZ,Split 1,0,26874,19,15,,,
INTZ,Split 1,0,18186,19,15,,,
INTZ,Split 1,0,19275,19,15,,,
INTZ,Split 1,0,33666,19,15,,,
INTZ,Split 1,0,14659,19,15,,,
RED Canids,Split 1,1,120203,15,19,11.0,5.0,4.0
INTZ,Split 1,0,112660,19,15,6.0,3.0,2.0
INTZ,Split 1,1,15107,15,11,,,
INTZ,Split 1,1,12832,15,11,,,
INTZ,Split 1,1,15939,15,11,,,
INTZ,Split 1,1,17434,15,11,,,
INTZ,Split 1,1,9659,15,11,,,
RED Canids,Split 1,0,12647,11,15,,,
RED Canids,Split 1,0,12446,11,15,,,
RED Canids,Split 1,0,16594,11,15,,,
RED Canids,Split 1,0,14886,11,15,,,
RED Canids,Split 1,0,8321,11,15,,,
INTZ,Split 1,1,70971,15,11,10.0,1.0,2.0
RED Canids,Split 1,0,64894,11,15,4.0,3.0,0.0
INTZ,Split 1,0,11376,6,15,,,
INTZ,Split 1,0,10381,6,15,,,
INTZ,Split 1,0,12940,6,15,,,
INTZ,Split 1,0,14386,6,15,,,
INTZ,Split 1,0,6820,6,15,,,
RED Canids,Split 1,1,14893,15,6,,,
RED Canids,Split 1,1,13109,15,6,,,
RED Canids,Split 1,1,15772,15,6,,,
RED Canids,Split 1,1,17406,15,6,,,
RED Canids,Split 1,1,10382,15,6,,,
INTZ,Split 1,0,55903,6,15,4.0,1.0,0.0
RED Canids,Split 1,1,71562,15,6,11.0,2.0,2.0
paiN Gaming,Split 1,1,18712,13,6,,,
paiN Gaming,Split 1,1,13115,13,6,,,
paiN Gaming,Split 1,1,20019,13,6,,,
paiN Gaming,Split 1,1,22791,13,6,,,
paiN Gaming,Split 1,1,11959,13,6,,,
ProGaming Esports,Split 1,0,14834,6,13,,,
ProGaming Esports,Split 1,0,12531,6,13,,,
ProGaming Esports,Split 1,0,18594,6,13,,,
ProGaming Esports,Split 1,0,17889,6,13,,,
ProGaming Esports,Split 1,0,11071,6,13,,,
paiN Gaming,Split 1,1,86596,13,6,10.0,2.0,2.0
ProGaming Esports,Split 1,0,74919,6,13,5.0,3.0,1.0
ProGaming Esports,Split 1,1,14519,15,8,,,
ProGaming Esports,Split 1,1,13615,15,8,,,
ProGaming Esports,Split 1,1,16967,15,8,,,
ProGaming Esports,Split 1,1,20431,15,8,,,
ProGaming Esports,Split 1,1,10869,15,8,,,
paiN Gaming,Split 1,0,14394,8,15,,,
paiN Gaming,Split 1,0,11995,8,15,,,
paiN Gaming,Split 1,0,15865,8,15,,,
paiN Gaming,Split 1,0,18064,8,15,,,
paiN Gaming,Split 1,0,10588,8,15,,,
ProGaming Esports,Split 1,1,76401,15,8,9.0,3.0,1.0
paiN Gaming,Split 1,0,70906,8,15,8.0,1.0,2.0
paiN Gaming,Split 1,0,14804,2,8,,,
paiN Gaming,Split 1,0,12224,2,8,,,
paiN Gaming,Split 1,0,16481,2,8,,,
paiN Gaming,Split 1,0,18816,2,8,,,
paiN Gaming,Split 1,0,11051,2,8,,,
ProGaming Esports,Split 1,1,17034,8,2,,,
ProGaming Esports,Split 1,1,15500,8,2,,,
ProGaming Esports,Split 1,1,18482,8,2,,,
ProGaming Esports,Split 1,1,22134,8,2,,,
ProGaming Esports,Split 1,1,11765,8,2,,,
paiN Gaming,Split 1,0,73376,2,8,4.0,0.0,1.0
ProGaming Esports,Split 1,1,84915,8,2,10.0,6.0,2.0
CNB e-Sports Club,Split 1,1,15155,19,11,,,
CNB e-Sports Club,Split 1,1,11479,19,11,,,
CNB e-Sports Club,Split 1,1,14385,19,11,,,
CNB e-Sports Club,Split 1,1,14535,19,11,,,
CNB e-Sports Club,Split 1,1,9968,19,11,,,
Team oNe eSports,Split 1,0,12795,11,19,,,
Team oNe eSports,Split 1,0,9900,11,19,,,
Team oNe eSports,Split 1,0,13564,11,19,,,
Team oNe eSports,Split 1,0,11475,11,19,,,
Team oNe eSports,Split 1,0,7796,11,19,,,
CNB e-Sports Club,Split 1,1,65522,19,11,11.0,3.0,2.0
Team oNe eSports,Split 1,0,55530,11,19,3.0,0.0,0.0
Team oNe eSports,Split 1,0,9841,6,12,,,
Team oNe eSports,Split 1,0,8322,6,12,,,
Team oNe eSports,Split 1,0,10549,6,12,,,
Team oNe eSports,Split 1,0,10274,6,12,,,
Team oNe eSports,Split 1,0,6133,6,12,,,
CNB e-Sports Club,Split 1,1,11543,12,6,,,
CNB e-Sports Club,Split 1,1,9951,12,6,,,
CNB e-Sports Club,Split 1,1,12293,12,6,,,
CNB e-Sports Club,Split 1,1,12680,12,6,,,
CNB e-Sports Club,Split 1,1,8982,12,6,,,
Team oNe eSports,Split 1,0,45119,6,12,1.0,0.0,0.0
CNB e-Sports Club,Split 1,1,55449,12,6,11.0,3.0,2.0
Vivo Keyd,Split 1,1,10953,17,10,,,
Vivo Keyd,Split 1,1,9875,17,10,,,
Vivo Keyd,Split 1,1,12235,17,10,,,
Vivo Keyd,Split 1,1,12410,17,10,,,
Vivo Keyd,Split 1,1,8381,17,10,,,
KaBuM! e-Sports,Split 1,0,9937,10,17,,,
KaBuM! e-Sports,Split 1,0,8738,10,17,,,
KaBuM! e-Sports,Split 1,0,8801,10,17,,,
KaBuM! e-Sports,Split 1,0,12704,10,17,,,
KaBuM! e-Sports,Split 1,0,7086,10,17,,,
Vivo Keyd,Split 1,1,53854,17,10,9.0,2.0,1.0
KaBuM! e-Sports,Split 1,0,47266,10,17,5.0,1.0,0.0
KaBuM! e-Sports,Split 1,0,9504,8,16,,,
KaBuM! e-Sports,Split 1,0,7732,8,16,,,
KaBuM! e-Sports,Split 1,0,8737,8,16,,,
KaBuM! e-Sports,Split 1,0,9540,8,16,,,
KaBuM! e-Sports,Split 1,0,6214,8,16,,,
Vivo Keyd,Split 1,1,10595,16,8,,,
Vivo Keyd,Split 1,1,10007,16,8,,,
Vivo Keyd,Split 1,1,12523,16,8,,,
Vivo Keyd,Split 1,1,12800,16,8,,,
Vivo Keyd,Split 1,1,7142,16,8,,,
KaBuM! e-Sports,Split 1,0,41727,8,16,2.0,0.0,0.0
Vivo Keyd,Split 1,1,53067,16,8,8.0,1.0,1.0
ProGaming Esports,Split 1,0,10872,6,10,,,
ProGaming Esports,Split 1,0,9107,6,10,,,
ProGaming Esports,Split 1,0,12408,6,10,,,
ProGaming Esports,Split 1,0,13602,6,10,,,
ProGaming Esports,Split 1,0,8048,6,10,,,
Team oNe eSports,Split 1,1,15532,10,6,,,
Team oNe eSports,Split 1,1,11563,10,6,,,
Team oNe eSports,Split 1,1,14892,10,6,,,
Team oNe eSports,Split 1,1,15022,10,6,,,
Team oNe eSports,Split 1,1,9615,10,6,,,
ProGaming Esports,Split 1,0,54037,6,10,3.0,1.0,0.0
Team oNe eSports,Split 1,1,66624,10,6,9.0,3.0,2.0
Team oNe eSports,Split 1,1,16854,7,7,,,
Team oNe eSports,Split 1,1,12939,7,7,,,
Team oNe eSports,Split 1,1,17818,7,7,,,
Team oNe eSports,Split 1,1,17318,7,7,,,
Team oNe eSports,Split 1,1,11385,7,7,,,
ProGaming Esports,Split 1,0,14960,7,7,,,
ProGaming Esports,Split 1,0,11419,7,7,,,
ProGaming Esports,Split 1,0,18814,7,7,,,
ProGaming Esports,Split 1,0,16689,7,7,,,
ProGaming Esports,Split 1,0,10156,7,7,,,
Team oNe eSports,Split 1,1,76314,7,7,11.0,3.0,1.0
ProGaming Esports,Split 1,0,72038,7,7,5.0,0.0,1.0
CNB e-Sports Club,Split 1,1,9147,12,4,,,
CNB e-Sports Club,Split 1,1,8350,12,4,,,
CNB e-Sports Club,Split 1,1,11654,12,4,,,
CNB e-Sports Club,Split 1,1,11354,12,4,,,
CNB e-Sports Club,Split 1,1,7161,12,4,,,
Vivo Keyd,Split 1,0,10790,4,12,,,
Vivo Keyd,Split 1,0,7366,4,12,,,
Vivo Keyd,Split 1,0,8586,4,12,,,
Vivo Keyd,Split 1,0,9191,4,12,,,
Vivo Keyd,Split 1,0,5435,4,12,,,
CNB e-Sports Club,Split 1,1,47666,12,4,9.0,1.0,1.0
Vivo Keyd,Split 1,0,41368,4,12,4.0,1.0,0.0
Vivo Keyd,Split 1,0,12296,12,20,,,
Vivo Keyd,Split 1,0,11109,12,20,,,
Vivo Keyd,Split 1,0,13083,12,20,,,
Vivo Keyd,Split 1,0,15409,12,20,,,
Vivo Keyd,Split 1,0,10014,12,20,,,
CNB e-Sports Club,Split 1,1,12753,20,12,,,
CNB e-Sports Club,Split 1,1,11166,20,12,,,
CNB e-Sports Club,Split 1,1,17486,20,12,,,
CNB e-Sports Club,Split 1,1,16383,20,12,,,
CNB e-Sports Club,Split 1,1,10199,20,12,,,
Vivo Keyd,Split 1,0,61911,12,20,6.0,0.0,1.0
CNB e-Sports Club,Split 1,1,67987,20,12,9.0,3.0,1.0
INTZ,Split 1,0,12920,16,19,,,
INTZ,Split 1,0,13437,16,19,,,
INTZ,Split 1,0,14672,16,19,,,
INTZ,Split 1,0,17621,16,19,,,
INTZ,Split 1,0,9858,16,19,,,
KaBuM! e-Sports,Split 1,1,17416,19,16,,,
KaBuM! e-Sports,Split 1,1,13963,19,16,,,
KaBuM! e-Sports,Split 1,1,15096,19,16,,,
KaBuM! e-Sports,Split 1,1,19021,19,16,,,
KaBuM! e-Sports,Split 1,1,12208,19,16,,,
INTZ,Split 1,0,68508,16,19,5.0,1.0,0.0
KaBuM! e-Sports,Split 1,1,77704,19,16,9.0,4.0,2.0
KaBuM! e-Sports,Split 1,1,11476,9,3,,,
KaBuM! e-Sports,Split 1,1,10114,9,3,,,
KaBuM! e-Sports,Split 1,1,10262,9,3,,,
KaBuM! e-Sports,Split 1,1,12105,9,3,,,
KaBuM! e-Sports,Split 1,1,7000,9,3,,,
INTZ,Split 1,0,8117,3,9,,,
INTZ,Split 1,0,7812,3,9,,,
INTZ,Split 1,0,10605,3,9,,,
INTZ,Split 1,0,9139,3,9,,,
INTZ,Split 1,0,5122,3,9,,,
KaBuM! e-Sports,Split 1,1,50957,9,3,9.0,0.0,1.0
INTZ,Split 1,0,40795,3,9,2.0,0.0,0.0
paiN Gaming,Split 1,0,20250,6,13,,,
paiN Gaming,Split 1,0,13981,6,13,,,
paiN Gaming,Split 1,0,17203,6,13,,,
paiN Gaming,Split 1,0,19776,6,13,,,
paiN Gaming,Split 1,0,10793,6,13,,,
RED Canids,Split 1,1,18777,13,6,,,
RED Canids,Split 1,1,15548,13,6,,,
RED Canids,Split 1,1,21886,13,6,,,
RED Canids,Split 1,1,21331,13,6,,,
RED Canids,Split 1,1,11316,13,6,,,
paiN Gaming,Split 1,0,82003,6,13,4.0,2.0,2.0
RED Canids,Split 1,1,88858,13,6,10.0,2.0,1.0
RED Canids,Split 1,1,17078,16,8,,,
RED Canids,Split 1,1,14299,16,8,,,
RED Canids,Split 1,1,18230,16,8,,,
RED Canids,Split 1,1,18375,16,8,,,
RED Canids,Split 1,1,11174,16,8,,,
paiN Gaming,Split 1,0,11946,8,16,,,
paiN Gaming,Split 1,0,10078,8,16,,,
paiN Gaming,Split 1,0,16137,8,16,,,
paiN Gaming,Split 1,0,14623,8,16,,,
paiN Gaming,Split 1,0,8625,8,16,,,
RED Canids,Split 1,1,79156,16,8,11.0,5.0,2.0
paiN Gaming,Split 1,0,61409,8,16,0.0,0.0,1.0
CNB e-Sports Club,,1,22083,21,27,,,
CNB e-Sports Club,,1,17513,21,27,,,
CNB e-Sports Club,,1,25435,21,27,,,
CNB e-Sports Club,,1,26147,21,27,,,
CNB e-Sports Club,,1,17038,21,27,,,
ProGaming Esports,,0,18699,27,21,,,
ProGaming Esports,,0,18835,27,21,,,
ProGaming Esports,,0,23751,27,21,,,
ProGaming Esports,,0,24451,27,21,,,
ProGaming Esports,,0,14762,27,21,,,
CNB e-Sports Club,,1,108216,21,27,9.0,1.0,2.0
ProGaming Esports,,0,100498,27,21,9.0,3.0,0.0
ProGaming Esports,,1,17471,21,10,,,
ProGaming Esports,,1,10924,21,10,,,
ProGaming Esports,,1,15112,21,10,,,
ProGaming Esports,,1,14807,21,10,,,
ProGaming Esports,,1,9494,21,10,,,
CNB e-Sports Club,,0,11965,10,21,,,
CNB e-Sports Club,,0,9758,10,21,,,
CNB e-Sports Club,,0,13053,10,21,,,
CNB e-Sports Club,,0,12101,10,21,,,
CNB e-Sports Club,,0,7616,10,21,,,
ProGaming Esports,,1,67808,21,10,10.0,1.0,1.0
CNB e-Sports Club,,0,54493,10,21,5.0,3.0,1.0
CNB e-Sports Club,,1,12429,11,9,,,
CNB e-Sports Club,,1,9730,11,9,,,
CNB e-Sports Club,,1,14895,11,9,,,
CNB e-Sports Club,,1,12055,11,9,,,
CNB e-Sports Club,,1,8356,11,9,,,
ProGaming Esports,,0,10446,9,11,,,
ProGaming Esports,,0,9320,9,11,,,
ProGaming Esports,,0,11315,9,11,,,
ProGaming Esports,,0,9818,9,11,,,
ProGaming Esports,,0,6203,9,11,,,
CNB e-Sports Club,,1,57465,11,9,10.0,1.0,1.0
ProGaming Esports,,0,47102,9,11,2.0,1.0,0.0
ProGaming Esports,,1,16040,25,14,,,
ProGaming Esports,,1,11329,25,14,,,
ProGaming Esports,,1,17677,25,14,,,
ProGaming Esports,,1,16952,25,14,,,
ProGaming Esports,,1,8664,25,14,,,
CNB e-Sports Club,,0,13689,14,25,,,
CNB e-Sports Club,,0,10678,14,25,,,
CNB e-Sports Club,,0,13823,14,25,,,
CNB e-Sports Club,,0,12858,14,25,,,
CNB e-Sports Club,,0,7219,14,25,,,
ProGaming Esports,,1,70662,25,14,8.0,0.0,1.0
CNB e-Sports Club,,0,58267,14,25,3.0,2.0,0.0
CNB e-Sports Club,,1,16192,22,22,,,
CNB e-Sports Club,,1,11469,22,22,,,
CNB e-Sports Club,,1,19825,22,22,,,
CNB e-Sports Club,,1,14231,22,22,,,
CNB e-Sports Club,,1,9398,22,22,,,
ProGaming Esports,,0,13301,22,22,,,
ProGaming Esports,,0,12319,22,22,,,
ProGaming Esports,,0,17269,22,22,,,
ProGaming Esports,,0,17145,22,22,,,
ProGaming Esports,,0,10545,22,22,,,
CNB e-Sports Club,,1,71115,22,22,6.0,0.0,1.0
ProGaming Esports,,0,70579,22,22,8.0,2.0,2.0
Vivo Keyd,,1,14029,13,4,,,
Vivo Keyd,,1,11454,13,4,,,
Vivo Keyd,,1,14902,13,4,,,
Vivo Keyd,,1,15715,13,4,,,
Vivo Keyd,,1,8671,13,4,,,
CNB e-Sports Club,,0,11051,4,13,,,
CNB e-Sports Club,,0,9624,4,13,,,
CNB e-Sports Club,,0,12005,4,13,,,
CNB e-Sports Club,,0,11576,4,13,,,
CNB e-Sports Club,,0,7721,4,13,,,
Vivo Keyd,,1,64771,13,4,11.0,2.0,2.0
CNB e-Sports Club,,0,51977,4,13,5.0,2.0,0.0
CNB e-Sports Club,,0,10870,6,23,,,
CNB e-Sports Club,,0,7620,6,23,,,
CNB e-Sports Club,,0,9428,6,23,,,
CNB e-Sports Club,,0,8725,6,23,,,
CNB e-Sports Club,,0,5601,6,23,,,
Vivo Keyd,,1,14676,23,6,,,
Vivo Keyd,,1,10987,23,6,,,
Vivo Keyd,,1,13420,23,6,,,
Vivo Keyd,,1,12509,23,6,,,
Vivo Keyd,,1,8261,23,6,,,
CNB e-Sports Club,,0,42244,6,23,0.0,0.0,0.0
Vivo Keyd,,1,59853,23,6,11.0,2.0,1.0
Vivo Keyd,,1,15171,21,17,,,
Vivo Keyd,,1,14069,21,17,,,
Vivo Keyd,,1,17737,21,17,,,
Vivo Keyd,,1,16613,21,17,,,
Vivo Keyd,,1,9950,21,17,,,
CNB e-Sports Club,,0,12530,17,21,,,
CNB e-Sports Club,,0,9613,17,21,,,
CNB e-Sports Club,,0,13837,17,21,,,
CNB e-Sports Club,,0,16195,17,21,,,
CNB e-Sports Club,,0,9407,17,21,,,
Vivo Keyd,,1,73540,21,17,11.0,2.0,2.0
CNB e-Sports Club,,0,61582,17,21,2.0,1.0,0.0
RED Canids,,1,14039,11,3,,,
RED Canids,,1,11175,11,3,,,
RED Canids,,1,14236,11,3,,,
RED Canids,,1,15523,11,3,,,
RED Canids,,1,8584,11,3,,,
Vivo Keyd,,0,12090,3,11,,,
Vivo Keyd,,0,8222,3,11,,,
Vivo Keyd,,0,10411,3,11,,,
Vivo Keyd,,0,10914,3,11,,,
Vivo Keyd,,0,6763,3,11,,,
RED Canids,,1,63557,11,3,11.0,3.0,1.0
Vivo Keyd,,0,48400,3,11,0.0,0.0,0.0
RED Canids,,0,10407,2,12,,,
RED Canids,,0,9646,2,12,,,
RED Canids,,0,13089,2,12,,,
RED Canids,,0,12703,2,12,,,
RED Canids,,0,7767,2,12,,,
Vivo Keyd,,1,15246,12,2,,,
Vivo Keyd,,1,12826,12,2,,,
Vivo Keyd,,1,15230,12,2,,,
Vivo Keyd,,1,15939,12,2,,,
Vivo Keyd,,1,10468,12,2,,,
RED Canids,,0,53612,2,12,2.0,0.0,0.0
Vivo Keyd,,1,69709,12,2,11.0,3.0,2.0
Vivo Keyd,,0,21958,11,15,,,
Vivo Keyd,,0,13720,11,15,,,
Vivo Keyd,,0,20158,11,15,,,
Vivo Keyd,,0,22009,11,15,,,
Vivo Keyd,,0,12168,11,15,,,
RED Canids,,1,18466,15,11,,,
RED Canids,,1,14871,15,11,,,
RED Canids,,1,22399,15,11,,,
RED Canids,,1,20037,15,11,,,
RED Canids,,1,12375,15,11,,,
Vivo Keyd,,0,90013,11,15,9.0,3.0,2.0
RED Canids,,1,88148,15,11,9.0,1.0,1.0
RED Canids,,0,16767,18,11,,,
RED Canids,,0,15081,18,11,,,
RED Canids,,0,20804,18,11,,,
RED Canids,,0,20964,18,11,,,
RED Canids,,0,11760,18,11,,,
Vivo Keyd,,1,19013,11,18,,,
Vivo Keyd,,1,16243,11,18,,,
Vivo Keyd,,1,21824,11,18,,,
Vivo Keyd,,1,20146,11,18,,,
Vivo Keyd,,1,12830,11,18,,,
RED Canids,,0,85376,18,11,4.0,2.0,1.0
Vivo Keyd,,1,90056,11,18,11.0,4.0,3.0
Vivo Keyd,,1,14338,12,2,,,
Vivo Keyd,,1,10953,12,2,,,
Vivo Keyd,,1,15718,12,2,,,
Vivo Keyd,,1,14604,12,2,,,
Vivo Keyd,,1,8423,12,2,,,
RED Canids,,0,11043,2,12,,,
RED Canids,,0,8670,2,12,,,
RED Canids,,0,10601,2,12,,,
RED Canids,,0,11870,2,12,,,
RED Canids,,0,6157,2,12,,,
Vivo Keyd,,1,64036,12,2,9.0,4.0,1.0
RED Canids,,0,48341,2,12,0.0,0.0,0.0
KaBuM! e-Sports,,1,15614,12,7,,,
KaBuM! e-Sports,,1,13611,12,7,,,
KaBuM! e-Sports,,1,14902,12,7,,,
KaBuM! e-Sports,,1,16122,12,7,,,
KaBuM! e-Sports,,1,8989,12,7,,,
Vivo Keyd,,0,12280,7,12,,,
Vivo Keyd,,0,10176,7,12,,,
Vivo Keyd,,0,14386,7,12,,,
Vivo Keyd,,0,14202,7,12,,,
Vivo Keyd,,0,7864,7,12,,,
KaBuM! e-Sports,,1,69238,12,7,9.0,0.0,1.0
Vivo Keyd,,0,58908,7,12,4.0,3.0,1.0
Vivo Keyd,,1,13800,18,8,,,
Vivo Keyd,,1,11554,18,8,,,
Vivo Keyd,,1,14682,18,8,,,
Vivo Keyd,,1,15359,18,8,,,
Vivo Keyd,,1,9057,18,8,,,
KaBuM! e-Sports,,0,11413,8,18,,,
KaBuM! e-Sports,,0,9664,8,18,,,
KaBuM! e-Sports,,0,11342,8,18,,,
KaBuM! e-Sports,,0,12443,8,18,,,
KaBuM! e-Sports,,0,7778,8,18,,,
Vivo Keyd,,1,64452,18,8,9.0,1.0,1.0
KaBuM! e-Sports,,0,52640,8,18,1.0,1.0,0.0
KaBuM! e-Sports,,1,18144,16,15,,,
KaBuM! e-Sports,,1,14031,16,15,,,
KaBuM! e-Sports,,1,17437,16,15,,,
KaBuM! e-Sports,,1,18256,16,15,,,
KaBuM! e-Sports,,1,10934,16,15,,,
Vivo Keyd,,0,15307,15,16,,,
Vivo Keyd,,0,12366,15,16,,,
Vivo Keyd,,0,15681,15,16,,,
Vivo Keyd,,0,16236,15,16,,,
Vivo Keyd,,0,9592,15,16,,,
KaBuM! e-Sports,,1,78802,16,15,10.0,3.0,1.0
Vivo Keyd,,0,69182,15,16,6.0,2.0,2.0
Vivo Keyd,,1,13228,24,8,,,
Vivo Keyd,,1,10593,24,8,,,
Vivo Keyd,,1,11733,24,8,,,
Vivo Keyd,,1,17082,24,8,,,
Vivo Keyd,,1,9320,24,8,,,
KaBuM! e-Sports,,0,10548,8,24,,,
KaBuM! e-Sports,,0,9457,8,24,,,
KaBuM! e-Sports,,0,11530,8,24,,,
KaBuM! e-Sports,,0,10624,8,24,,,
KaBuM! e-Sports,,0,6435,8,24,,,
Vivo Keyd,,1,61956,24,8,10.0,2.0,1.0
KaBuM! e-Sports,,0,48594,8,24,2.0,1.0,0.0
KaBuM! e-Sports,,1,11248,14,2,,,
KaBuM! e-Sports,,1,9668,14,2,,,
KaBuM! e-Sports,,1,11958,14,2,,,
KaBuM! e-Sports,,1,13302,14,2,,,
KaBuM! e-Sports,,1,7935,14,2,,,
Vivo Keyd,,0,9613,2,14,,,
Vivo Keyd,,0,6771,2,14,,,
Vivo Keyd,,0,8442,2,14,,,
Vivo Keyd,,0,8349,2,14,,,
Vivo Keyd,,0,4911,2,14,,,
KaBuM! e-Sports,,1,54111,14,2,10.0,2.0,1.0
Vivo Keyd,,0,38086,2,14,0.0,0.0,0.0
INTZ,,1,13222,5,4,,,
INTZ,,1,13217,5,4,,,
INTZ,,1,16864,5,4,,,
INTZ,,1,18491,5,4,,,
INTZ,,1,8800,5,4,,,
ProGaming Esports,,0,16771,4,5,,,
ProGaming Esports,,0,10377,4,5,,,
ProGaming Esports,,0,12979,4,5,,,
ProGaming Esports,,0,14115,4,5,,,
ProGaming Esports,,0,8369,4,5,,,
INTZ,,1,70594,5,4,11.0,3.0,2.0
ProGaming Esports,,0,62611,4,5,4.0,2.0,0.0
INTZ,,1,13015,10,4,,,
INTZ,,1,12510,10,4,,,
INTZ,,1,15106,10,4,,,
INTZ,,1,13379,10,4,,,
INTZ,,1,7756,10,4,,,
ProGaming Esports,,0,13083,4,10,,,
ProGaming Esports,,0,8266,4,10,,,
ProGaming Esports,,0,10961,4,10,,,
ProGaming Esports,,0,11398,4,10,,,
ProGaming Esports,,0,5939,4,10,,,
INTZ,,1,61766,10,4,10.0,2.0,2.0
ProGaming Esports,,0,49647,4,10,2.0,0.0,0.0
Team oNe eSports,,0,8787,2,11,,,
Team oNe eSports,,0,6720,2,11,,,
Team oNe eSports,,0,8436,2,11,,,
Team oNe eSports,,0,7686,2,11,,,
Team oNe eSports,,0,4950,2,11,,,
ProGaming Esports,,1,10795,11,2,,,
ProGaming Esports,,1,9431,11,2,,,
ProGaming Esports,,1,10599,11,2,,,
ProGaming Esports,,1,11468,11,2,,,
ProGaming Esports,,1,7738,11,2,,,
Team oNe eSports,,0,36579,2,11,0.0,1.0,0.0
ProGaming Esports,,1,50031,11,2,9.0,2.0,1.0
ProGaming Esports,,1,10103,11,6,,,
ProGaming Esports,,1,9427,11,6,,,
ProGaming Esports,,1,12588,11,6,,,
ProGaming Esports,,1,14093,11,6,,,
ProGaming Esports,,1,7516,11,6,,,
Team oNe eSports,,0,9062,6,11,,,
Team oNe eSports,,0,6923,6,11,,,
Team oNe eSports,,0,10201,6,11,,,
Team oNe eSports,,0,10637,6,11,,,
Team oNe eSports,,0,6160,6,11,,,
ProGaming Esports,,1,53727,11,6,11.0,2.0,1.0
Team oNe eSports,,0,42983,6,11,0.0,1.0,0.0
Team oNe eSports,,0,11810,7,21,,,
Team oNe eSports,,0,7980,7,21,,,
Team oNe eSports,,0,10858,7,21,,,
Team oNe eSports,,0,11327,7,21,,,
Team oNe eSports,,0,6324,7,21,,,
Flamengo Esports,,1,12434,21,7,,,
Flamengo Esports,,1,11109,21,7,,,
Flamengo Esports,,1,12789,21,7,,,
Flamengo Esports,,1,17838,21,7,,,
Flamengo Esports,,1,8578,21,7,,,
Team oNe eSports,,0,48299,7,21,2.0,0.0,0.0
Flamengo Esports,,1,62748,21,7,11.0,3.0,1.0
Team oNe eSports,,0,11619,1,15,,,
Team oNe eSports,,0,8200,1,15,,,
Team oNe eSports,,0,11410,1,15,,,
Team oNe eSports,,0,12585,1,15,,,
Team oNe eSports,,0,6818,1,15,,,
Flamengo Esports,,1,12462,15,1,,,
Flamengo Esports,,1,10294,15,1,,,
Flamengo Esports,,1,14825,15,1,,,
Flamengo Esports,,1,17183,15,1,,,
Flamengo Esports,,1,9656,15,1,,,
Team oNe eSports,,0,50632,1,15,2.0,0.0,0.0
Flamengo Esports,,1,64420,15,1,11.0,3.0,1.0
Flamengo Esports,,0,8153,6,13,,,
Flamengo Esports,,0,7841,6,13,,,
Flamengo Esports,,0,9156,6,13,,,
Flamengo Esports,,0,8465,6,13,,,
Flamengo Esports,,0,5889,6,13,,,
Team oNe eSports,,1,12470,13,6,,,
Team oNe eSports,,1,8812,13,6,,,
Team oNe eSports,,1,9350,13,6,,,
Team oNe eSports,,1,12200,13,6,,,
Team oNe eSports,,1,8151,13,6,,,
Flamengo Esports,,0,39504,6,13,1.0,1.0,0.0
Team oNe eSports,,1,50983,13,6,9.0,1.0,1.0
Team oNe eSports,,1,15262,17,12,,,
Team oNe eSports,,1,11263,17,12,,,
Team oNe eSports,,1,13250,17,12,,,
Team oNe eSports,,1,13997,17,12,,,
Team oNe eSports,,1,8374,17,12,,,
Flamengo Esports,,0,11137,12,17,,,
Flamengo Esports,,0,9931,12,17,,,
Flamengo Esports,,0,11698,12,17,,,
Flamengo Esports,,0,13012,12,17,,,
Flamengo Esports,,0,8369,12,17,,,
Team oNe eSports,,1,62146,17,12,9.0,2.0,1.0
Flamengo Esports,,0,54147,12,17,3.0,1.0,0.0
Team oNe eSports,,0,16496,15,21,,,
Team oNe eSports,,0,16615,15,21,,,
Team oNe eSports,,0,20605,15,21,,,
Team oNe eSports,,0,22977,15,21,,,
Team oNe eSports,,0,14010,15,21,,,
Flamengo Esports,,1,19835,21,15,,,
Flamengo Esports,,1,17879,21,15,,,
Flamengo Esports,,1,22347,21,15,,,
Flamengo Esports,,1,25083,21,15,,,
Flamengo Esports,,1,13360,21,15,,,
Team oNe eSports,,0,90703,15,21,7.0,3.0,1.0
Flamengo Esports,,1,98504,21,15,11.0,4.0,3.0
INTZ,Split 2,1,11223,17,7,,,
INTZ,Split 2,1,10373,17,7,,,
INTZ,Split 2,1,10957,17,7,,,
INTZ,Split 2,1,13281,17,7,,,
INTZ,Split 2,1,8836,17,7,,,
KaBuM! e-Sports,Split 2,0,9707,7,17,,,
KaBuM! e-Sports,Split 2,0,9315,7,17,,,
KaBuM! e-Sports,Split 2,0,9688,7,17,,,
KaBuM! e-Sports,Split 2,0,12229,7,17,,,
KaBuM! e-Sports,Split 2,0,5946,7,17,,,
INTZ,Split 2,1,54670,17,7,11.0,1.0,1.0
KaBuM! e-Sports,Split 2,0,46885,7,17,3.0,2.0,0.0
KaBuM! e-Sports,Split 2,1,14158,22,10,,,
KaBuM! e-Sports,Split 2,1,13290,22,10,,,
KaBuM! e-Sports,Split 2,1,13487,22,10,,,
KaBuM! e-Sports,Split 2,1,14396,22,10,,,
KaBuM! e-Sports,Split 2,1,8571,22,10,,,
INTZ,Split 2,0,9150,10,22,,,
INTZ,Split 2,0,9463,10,22,,,
INTZ,Split 2,0,10892,10,22,,,
INTZ,Split 2,0,12310,10,22,,,
INTZ,Split 2,0,6739,10,22,,,
KaBuM! e-Sports,Split 2,1,63902,22,10,10.0,1.0,1.0
INTZ,Split 2,0,48554,10,22,0.0,1.0,0.0
INTZ,Split 2,1,13480,18,9,,,
INTZ,Split 2,1,10396,18,9,,,
INTZ,Split 2,1,14540,18,9,,,
INTZ,Split 2,1,15346,18,9,,,
INTZ,Split 2,1,9692,18,9,,,
KaBuM! e-Sports,Split 2,0,12841,9,18,,,
KaBuM! e-Sports,Split 2,0,10941,9,18,,,
KaBuM! e-Sports,Split 2,0,12388,9,18,,,
KaBuM! e-Sports,Split 2,0,12589,9,18,,,
KaBuM! e-Sports,Split 2,0,7824,9,18,,,
INTZ,Split 2,1,63454,18,9,10.0,1.0,2.0
KaBuM! e-Sports,Split 2,0,56583,9,18,3.0,2.0,0.0
Vivo Keyd,Split 2,1,12157,17,7,,,
Vivo Keyd,Split 2,1,11691,17,7,,,
Vivo Keyd,Split 2,1,13812,17,7,,,
Vivo Keyd,Split 2,1,11264,17,7,,,
Vivo Keyd,Split 2,1,9150,17,7,,,
ProGaming Esports,Split 2,0,9127,7,17,,,
ProGaming Esports,Split 2,0,7081,7,17,,,
ProGaming Esports,Split 2,0,8644,7,17,,,
ProGaming Esports,Split 2,0,8855,7,17,,,
ProGaming Esports,Split 2,0,5939,7,17,,,
Vivo Keyd,Split 2,1,58074,17,7,11.0,3.0,1.0
ProGaming Esports,Split 2,0,39646,7,17,0.0,0.0,0.0
ProGaming Esports,Split 2,0,11617,8,16,,,
ProGaming Esports,Split 2,0,9179,8,16,,,
ProGaming Esports,Split 2,0,12896,8,16,,,
ProGaming Esports,Split 2,0,12238,8,16,,,
ProGaming Esports,Split 2,0,7492,8,16,,,
Vivo Keyd,Split 2,1,13687,16,8,,,
Vivo Keyd,Split 2,1,9788,16,8,,,
Vivo Keyd,Split 2,1,12944,16,8,,,
Vivo Keyd,Split 2,1,16129,16,8,,,
Vivo Keyd,Split 2,1,7825,16,8,,,
ProGaming Esports,Split 2,0,53422,8,16,5.0,2.0,0.0
Vivo Keyd,Split 2,1,60373,16,8,6.0,2.0,1.0
CNB e-Sports Club,Split 2,1,12694,14,11,,,
CNB e-Sports Club,Split 2,1,11232,14,11,,,
CNB e-Sports Club,Split 2,1,14824,14,11,,,
CNB e-Sports Club,Split 2,1,13909,14,11,,,
CNB e-Sports Club,Split 2,1,9657,14,11,,,
RED Canids,Split 2,0,12770,11,14,,,
RED Canids,Split 2,0,10846,11,14,,,
RED Canids,Split 2,0,11550,11,14,,,
RED Canids,Split 2,0,13204,11,14,,,
RED Canids,Split 2,0,8528,11,14,,,
CNB e-Sports Club,Split 2,1,62316,14,11,11.0,3.0,1.0
RED Canids,Split 2,0,56898,11,14,4.0,0.0,0.0
RED Canids,Split 2,0,7882,2,11,,,
RED Canids,Split 2,0,6986,2,11,,,
RED Canids,Split 2,0,8285,2,11,,,
RED Canids,Split 2,0,9080,2,11,,,
RED Canids,Split 2,0,5466,2,11,,,
CNB e-Sports Club,Split 2,1,10441,11,2,,,
CNB e-Sports Club,Split 2,1,10196,11,2,,,
CNB e-Sports Club,Split 2,1,11065,11,2,,,
CNB e-Sports Club,Split 2,1,12020,11,2,,,
CNB e-Sports Club,Split 2,1,7053,11,2,,,
RED Canids,Split 2,0,37699,2,11,3.0,2.0,0.0
CNB e-Sports Club,Split 2,1,50775,11,2,11.0,1.0,1.0
Flamengo Esports,Split 2,0,17887,16,21,,,
Flamengo Esports,Split 2,0,13868,16,21,,,
Flamengo Esports,Split 2,0,17940,16,21,,,
Flamengo Esports,Split 2,0,18173,16,21,,,
Flamengo Esports,Split 2,0,10433,16,21,,,
Ilha da Macacada Gaming,Split 2,1,20620,21,16,,,
Ilha da Macacada Gaming,Split 2,1,15291,21,16,,,
Ilha da Macacada Gaming,Split 2,1,20549,21,16,,,
Ilha da Macacada Gaming,Split 2,1,15362,21,16,,,
Ilha da Macacada Gaming,Split 2,1,13080,21,16,,,
Flamengo Esports,Split 2,0,78301,16,21,5.0,4.0,0.0
Ilha da Macacada Gaming,Split 2,1,84902,21,16,9.0,1.0,3.0
Ilha da Macacada Gaming,Split 2,0,10381,1,10,,,
Ilha da Macacada Gaming,Split 2,0,7021,1,10,,,
Ilha da Macacada Gaming,Split 2,0,9260,1,10,,,
Ilha da Macacada Gaming,Split 2,0,9840,1,10,,,
Ilha da Macacada Gaming,Split 2,0,5474,1,10,,,
Flamengo Esports,Split 2,1,13397,10,1,,,
Flamengo Esports,Split 2,1,13997,10,1,,,
Flamengo Esports,Split 2,1,8266,10,1,,,
Flamengo Esports,Split 2,1,13852,10,1,,,
Flamengo Esports,Split 2,1,7798,10,1,,,
Ilha da Macacada Gaming,Split 2,0,41976,1,10,1.0,1.0,0.0
Flamengo Esports,Split 2,1,57310,10,1,10.0,3.0,1.0
Flamengo Esports,Split 2,0,10691,11,22,,,
Flamengo Esports,Split 2,0,9913,11,22,,,
Flamengo Esports,Split 2,0,11763,11,22,,,
Flamengo Esports,Split 2,0,12264,11,22,,,
Flamengo Esports,Split 2,0,6727,11,22,,,
Ilha da Macacada Gaming,Split 2,1,13307,22,11,,,
Ilha da Macacada Gaming,Split 2,1,11848,22,11,,,
Ilha da Macacada Gaming,Split 2,1,14121,22,11,,,
Ilha da Macacada Gaming,Split 2,1,15642,22,11,,,
Ilha da Macacada Gaming,Split 2,1,9351,22,11,,,
Flamengo Esports,Split 2,0,51358,11,22,2.0,0.0,0.0
Ilha da Macacada Gaming,Split 2,1,64269,22,11,10.0,3.0,1.0
ProGaming Esports,Split 2,1,16375,14,9,,,
ProGaming Esports,Split 2,1,12553,14,9,,,
ProGaming Esports,Split 2,1,14978,14,9,,,
ProGaming Esports,Split 2,1,13617,14,9,,,
ProGaming Esports,Split 2,1,10618,14,9,,,
RED Canids,Split 2,0,13614,9,14,,,
RED Canids,Split 2,0,12046,9,14,,,
RED Canids,Split 2,0,13944,9,14,,,
RED Canids,Split 2,0,13272,9,14,,,
RED Canids,Split 2,0,8074,9,14,,,
ProGaming Esports,Split 2,1,68141,14,9,8.0,5.0,1.0
RED Canids,Split 2,0,60950,9,14,6.0,0.0,0.0
RED Canids,Split 2,0,11066,13,18,,,
RED Canids,Split 2,0,11469,13,18,,,
RED Canids,Split 2,0,13118,13,18,,,
RED Canids,Split 2,0,11850,13,18,,,
RED Canids,Split 2,0,7941,13,18,,,
ProGaming Esports,Split 2,1,14759,18,13,,,
ProGaming Esports,Split 2,1,13079,18,13,,,
ProGaming Esports,Split 2,1,15080,18,13,,,
ProGaming Esports,Split 2,1,15652,18,13,,,
ProGaming Esports,Split 2,1,9193,18,13,,,
RED Canids,Split 2,0,55444,13,18,3.0,1.0,0.0
ProGaming Esports,Split 2,1,67763,18,13,10.0,3.0,1.0
Vivo Keyd,Split 2,1,13184,17,7,,,
Vivo Keyd,Split 2,1,10779,17,7,,,
Vivo Keyd,Split 2,1,14843,17,7,,,
Vivo Keyd,Split 2,1,11983,17,7,,,
Vivo Keyd,Split 2,1,8853,17,7,,,
INTZ,Split 2,0,9855,7,17,,,
INTZ,Split 2,0,9589,7,17,,,
INTZ,Split 2,0,8955,7,17,,,
INTZ,Split 2,0,10652,7,17,,,
INTZ,Split 2,0,6687,7,17,,,
Vivo Keyd,Split 2,1,59642,17,7,8.0,1.0,1.0
INTZ,Split 2,0,45738,7,17,1.0,2.0,0.0
INTZ,Split 2,0,12797,14,20,,,
INTZ,Split 2,0,12011,14,20,,,
INTZ,Split 2,0,12837,14,20,,,
INTZ,Split 2,0,12537,14,20,,,
INTZ,Split 2,0,8992,14,20,,,
Vivo Keyd,Split 2,1,15867,20,14,,,
Vivo Keyd,Split 2,1,13372,20,14,,,
Vivo Keyd,Split 2,1,14500,20,14,,,
Vivo Keyd,Split 2,1,14889,20,14,,,
Vivo Keyd,Split 2,1,10560,20,14,,,
INTZ,Split 2,0,59174,14,20,4.0,2.0,0.0
Vivo Keyd,Split 2,1,69188,20,14,7.0,2.0,2.0
KaBuM! e-Sports,Split 2,0,8765,2,14,,,
KaBuM! e-Sports,Split 2,0,7904,2,14,,,
KaBuM! e-Sports,Split 2,0,9044,2,14,,,
KaBuM! e-Sports,Split 2,0,9761,2,14,,,
KaBuM! e-Sports,Split 2,0,5744,2,14,,,
Flamengo Esports,Split 2,1,13046,14,2,,,
Flamengo Esports,Split 2,1,11275,14,2,,,
Flamengo Esports,Split 2,1,12951,14,2,,,
Flamengo Esports,Split 2,1,12650,14,2,,,
Flamengo Esports,Split 2,1,8909,14,2,,,
KaBuM! e-Sports,Split 2,0,41218,2,14,1.0,0.0,0.0
Flamengo Esports,Split 2,1,58831,14,2,10.0,4.0,1.0
Flamengo Esports,Split 2,0,16044,21,19,,,
Flamengo Esports,Split 2,0,20579,21,19,,,
Flamengo Esports,Split 2,0,18692,21,19,,,
Flamengo Esports,Split 2,0,19014,21,19,,,
Flamengo Esports,Split 2,0,13323,21,19,,,
KaBuM! e-Sports,Split 2,1,14470,19,21,,,
KaBuM! e-Sports,Split 2,1,19664,19,21,,,
KaBuM! e-Sports,Split 2,1,26387,19,21,,,
KaBuM! e-Sports,Split 2,1,22915,19,21,,,
KaBuM! e-Sports,Split 2,1,11938,19,21,,,
Flamengo Esports,Split 2,0,87652,21,19,9.0,2.0,0.0
KaBuM! e-Sports,Split 2,1,95374,19,21,7.0,4.0,3.0
KaBuM! e-Sports,Split 2,0,6630,5,13,,,
KaBuM! e-Sports,Split 2,0,10296,5,13,,,
KaBuM! e-Sports,Split 2,0,15497,5,13,,,
KaBuM! e-Sports,Split 2,0,8739,5,13,,,
KaBuM! e-Sports,Split 2,0,5683,5,13,,,
Flamengo Esports,Split 2,1,12885,13,5,,,
Flamengo Esports,Split 2,1,11188,13,5,,,
Flamengo Esports,Split 2,1,12051,13,5,,,
Flamengo Esports,Split 2,1,12380,13,5,,,
Flamengo Esports,Split 2,1,9220,13,5,,,
KaBuM! e-Sports,Split 2,0,46845,5,13,2.0,0.0,0.0
Flamengo Esports,Split 2,1,57724,13,5,11.0,4.0,1.0
Ilha da Macacada Gaming,Split 2,0,9925,4,10,,,
Ilha da Macacada Gaming,Split 2,0,8099,4,10,,,
Ilha da Macacada Gaming,Split 2,0,10044,4,10,,,
Ilha da Macacada Gaming,Split 2,0,9760,4,10,,,
Ilha da Macacada Gaming,Split 2,0,6694,4,10,,,
CNB e-Sports Club,Split 2,1,11290,10,4,,,
CNB e-Sports Club,Split 2,1,10177,10,4,,,
CNB e-Sports Club,Split 2,1,7275,10,4,,,
CNB e-Sports Club,Split 2,1,15164,10,4,,,
CNB e-Sports Club,Split 2,1,7453,10,4,,,
Ilha da Macacada Gaming,Split 2,0,44522,4,10,3.0,2.0,0.0
CNB e-Sports Club,Split 2,1,51359,10,4,6.0,1.0,1.0
CNB e-Sports Club,Split 2,1,12758,19,5,,,
CNB e-Sports Club,Split 2,1,12332,19,5,,,
CNB e-Sports Club,Split 2,1,10225,19,5,,,
CNB e-Sports Club,Split 2,1,11507,19,5,,,
CNB e-Sports Club,Split 2,1,10947,19,5,,,
Ilha da Macacada Gaming,Split 2,0,9482,5,19,,,
Ilha da Macacada Gaming,Split 2,0,7082,5,19,,,
Ilha da Macacada Gaming,Split 2,0,9495,5,19,,,
Ilha da Macacada Gaming,Split 2,0,7864,5,19,,,
Ilha da Macacada Gaming,Split 2,0,6514,5,19,,,
CNB e-Sports Club,Split 2,1,57769,19,5,11.0,3.0,1.0
Ilha da Macacada Gaming,Split 2,0,40437,5,19,1.0,0.0,0.0
INTZ,Split 2,0,11746,10,18,,,
INTZ,Split 2,0,10002,10,18,,,
INTZ,Split 2,0,12039,10,18,,,
INTZ,Split 2,0,11457,10,18,,,
INTZ,Split 2,0,7664,10,18,,,
Flamengo Esports,Split 2,1,11857,18,10,,,
Flamengo Esports,Split 2,1,16441,18,10,,,
Flamengo Esports,Split 2,1,14235,18,10,,,
Flamengo Esports,Split 2,1,12898,18,10,,,
Flamengo Esports,Split 2,1,9555,18,10,,,
INTZ,Split 2,0,52908,10,18,3.0,2.0,0.0
Flamengo Esports,Split 2,1,64986,18,10,10.0,2.0,1.0
Flamengo Esports,Split 2,0,10242,6,9,,,
Flamengo Esports,Split 2,0,8484,6,9,,,
Flamengo Esports,Split 2,0,8796,6,9,,,
Flamengo Esports,Split 2,0,9216,6,9,,,
Flamengo Esports,Split 2,0,5805,6,9,,,
INTZ,Split 2,1,10368,9,6,,,
INTZ,Split 2,1,7257,9,6,,,
INTZ,Split 2,1,13471,9,6,,,
INTZ,Split 2,1,12193,9,6,,,
INTZ,Split 2,1,8626,9,6,,,
Flamengo Esports,Split 2,0,42543,6,9,1.0,0.0,0.0
INTZ,Split 2,1,51915,9,6,9.0,3.0,1.0
Flamengo Esports,Split 2,1,17116,13,11,,,
Flamengo Esports,Split 2,1,13721,13,11,,,
Flamengo Esports,Split 2,1,14324,13,11,,,
Flamengo Esports,Split 2,1,17753,13,11,,,
Flamengo Esports,Split 2,1,11461,13,11,,,
INTZ,Split 2,0,12687,11,13,,,
INTZ,Split 2,0,11008,11,13,,,
INTZ,Split 2,0,14317,11,13,,,
INTZ,Split 2,0,14697,11,13,,,
INTZ,Split 2,0,9309,11,13,,,
Flamengo Esports,Split 2,1,74375,13,11,11.0,5.0,1.0
INTZ,Split 2,0,62018,11,13,2.0,0.0,0.0
CNB e-Sports Club,Split 2,0,22527,21,30,,,
CNB e-Sports Club,Split 2,0,19035,21,30,,,
CNB e-Sports Club,Split 2,0,14020,21,30,,,
CNB e-Sports Club,Split 2,0,16816,21,30,,,
CNB e-Sports Club,Split 2,0,21288,21,30,,,
ProGaming Esports,Split 2,1,19968,30,21,,,
ProGaming Esports,Split 2,1,24520,30,21,,,
ProGaming Esports,Split 2,1,23313,30,21,,,
ProGaming Esports,Split 2,1,17756,30,21,,,
ProGaming Esports,Split 2,1,14355,30,21,,,
CNB e-Sports Club,Split 2,0,93686,21,30,8.0,3.0,1.0
ProGaming Esports,Split 2,1,99912,30,21,9.0,4.0,3.0
ProGaming Esports,Split 2,0,19804,16,18,,,
ProGaming Esports,Split 2,0,18565,16,18,,,
ProGaming Esports,Split 2,0,14126,16,18,,,
ProGaming Esports,Split 2,0,10197,16,18,,,
ProGaming Esports,Split 2,0,10529,16,18,,,
CNB e-Sports Club,Split 2,1,21362,18,16,,,
CNB e-Sports Club,Split 2,1,10063,18,16,,,
CNB e-Sports Club,Split 2,1,10396,18,16,,,
CNB e-Sports Club,Split 2,1,15425,18,16,,,
CNB e-Sports Club,Split 2,1,15278,18,16,,,
ProGaming Esports,Split 2,0,73221,16,18,6.0,3.0,1.0
CNB e-Sports Club,Split 2,1,72524,18,16,9.0,2.0,1.0
CNB e-Sports Club,Split 2,1,19261,19,7,,,
CNB e-Sports Club,Split 2,1,14114,19,7,,,
CNB e-Sports Club,Split 2,1,12163,19,7,,,
CNB e-Sports Club,Split 2,1,15904,19,7,,,
CNB e-Sports Club,Split 2,1,16594,19,7,,,
ProGaming Esports,Split 2,0,16004,7,19,,,
ProGaming Esports,Split 2,0,17892,7,19,,,
ProGaming Esports,Split 2,0,14809,7,19,,,
ProGaming Esports,Split 2,0,9266,7,19,,,
ProGaming Esports,Split 2,0,9401,7,19,,,
CNB e-Sports Club,Split 2,1,78036,19,7,11.0,1.0,2.0
ProGaming Esports,Split 2,0,67372,7,19,3.0,3.0,0.0
Ilha da Macacada Gaming,Split 2,1,10714,17,4,,,
Ilha da Macacada Gaming,Split 2,1,14393,17,4,,,
Ilha da Macacada Gaming,Split 2,1,12827,17,4,,,
Ilha da Macacada Gaming,Split 2,1,7502,17,4,,,
Ilha da Macacada Gaming,Split 2,1,7929,17,4,,,
Vivo Keyd,Split 2,0,8369,4,17,,,
Vivo Keyd,Split 2,0,8967,4,17,,,
Vivo Keyd,Split 2,0,8298,4,17,,,
Vivo Keyd,Split 2,0,8017,4,17,,,
Vivo Keyd,Split 2,0,6000,4,17,,,
Ilha da Macacada Gaming,Split 2,1,53365,17,4,9.0,2.0,1.0
Vivo Keyd,Split 2,0,39651,4,17,2.0,1.0,0.0
Vivo Keyd,Split 2,1,12067,14,3,,,
Vivo Keyd,Split 2,1,11528,14,3,,,
Vivo Keyd,Split 2,1,10980,14,3,,,
Vivo Keyd,Split 2,1,11532,14,3,,,
Vivo Keyd,Split 2,1,7413,14,3,,,
Ilha da Macacada Gaming,Split 2,0,9005,3,14,,,
Ilha da Macacada Gaming,Split 2,0,7219,3,14,,,
Ilha da Macacada Gaming,Split 2,0,8682,3,14,,,
Ilha da Macacada Gaming,Split 2,0,8827,3,14,,,
Ilha da Macacada Gaming,Split 2,0,5070,3,14,,,
Vivo Keyd,Split 2,1,53520,14,3,11.0,2.0,1.0
Ilha da Macacada Gaming,Split 2,0,38803,3,14,2.0,1.0,0.0
Vivo Keyd,Split 2,0,7287,9,15,,,
Vivo Keyd,Split 2,0,4905,9,15,,,
Vivo Keyd,Split 2,0,8502,9,15,,,
Vivo Keyd,Split 2,0,10472,9,15,,,
Vivo Keyd,Split 2,0,4069,9,15,,,
Ilha da Macacada Gaming,Split 2,1,10401,15,9,,,
Ilha da Macacada Gaming,Split 2,1,10059,15,9,,,
Ilha da Macacada Gaming,Split 2,1,11271,15,9,,,
Ilha da Macacada Gaming,Split 2,1,10149,15,9,,,
Ilha da Macacada Gaming,Split 2,1,7927,15,9,,,
Vivo Keyd,Split 2,0,35235,9,15,0.0,1.0,0.0
Ilha da Macacada Gaming,Split 2,1,49807,15,9,11.0,1.0,1.0
RED Canids,Split 2,0,14346,18,14,,,
RED Canids,Split 2,0,12902,18,14,,,
RED Canids,Split 2,0,16460,18,14,,,
RED Canids,Split 2,0,18789,18,14,,,
RED Canids,Split 2,0,8300,18,14,,,
KaBuM! e-Sports,Split 2,1,21027,14,18,,,
KaBuM! e-Sports,Split 2,1,13031,14,18,,,
KaBuM! e-Sports,Split 2,1,14691,14,18,,,
KaBuM! e-Sports,Split 2,1,17037,14,18,,,
KaBuM! e-Sports,Split 2,1,9634,14,18,,,
RED Canids,Split 2,0,70797,18,14,2.0,3.0,0.0
KaBuM! e-Sports,Split 2,1,75420,14,18,11.0,2.0,1.0
KaBuM! e-Sports,Split 2,1,11545,12,4,,,
KaBuM! e-Sports,Split 2,1,9911,12,4,,,
KaBuM! e-Sports,Split 2,1,9866,12,4,,,
KaBuM! e-Sports,Split 2,1,13634,12,4,,,
KaBuM! e-Sports,Split 2,1,7534,12,4,,,
RED Canids,Split 2,0,8456,4,12,,,
RED Canids,Split 2,0,7519,4,12,,,
RED Canids,Split 2,0,8786,4,12,,,
RED Canids,Split 2,0,8489,4,12,,,
RED Canids,Split 2,0,5016,4,12,,,
KaBuM! e-Sports,Split 2,1,52490,12,4,11.0,2.0,1.0
RED Canids,Split 2,0,38266,4,12,0.0,0.0,0.0
KaBuM! e-Sports,Split 2,0,9601,1,15,,,
KaBuM! e-Sports,Split 2,0,7136,1,15,,,
KaBuM! e-Sports,Split 2,0,9456,1,15,,,
KaBuM! e-Sports,Split 2,0,8570,1,15,,,
KaBuM! e-Sports,Split 2,0,4762,1,15,,,
Vivo Keyd,Split 2,1,11309,15,1,,,
Vivo Keyd,Split 2,1,11382,15,1,,,
Vivo Keyd,Split 2,1,11902,15,1,,,
Vivo Keyd,Split 2,1,12173,15,1,,,
Vivo Keyd,Split 2,1,8288,15,1,,,
KaBuM! e-Sports,Split 2,0,39525,1,15,0.0,1.0,0.0
Vivo Keyd,Split 2,1,55054,15,1,10.0,1.0,1.0
Vivo Keyd,Split 2,0,12696,14,17,,,
Vivo Keyd,Split 2,0,12843,14,17,,,
Vivo Keyd,Split 2,0,11134,14,17,,,
Vivo Keyd,Split 2,0,12873,14,17,,,
Vivo Keyd,Split 2,0,7300,14,17,,,
KaBuM! e-Sports,Split 2,1,14523,17,14,,,
KaBuM! e-Sports,Split 2,1,12781,17,14,,,
KaBuM! e-Sports,Split 2,1,14676,17,14,,,
KaBuM! e-Sports,Split 2,1,13423,17,14,,,
KaBuM! e-Sports,Split 2,1,9573,17,14,,,
Vivo Keyd,Split 2,0,56846,14,17,3.0,0.0,0.0
KaBuM! e-Sports,Split 2,1,64976,17,14,11.0,2.0,2.0
Vivo Keyd,Split 2,0,13736,16,18,,,
Vivo Keyd,Split 2,0,11891,16,18,,,
Vivo Keyd,Split 2,0,10920,16,18,,,
Vivo Keyd,Split 2,0,13217,16,18,,,
Vivo Keyd,Split 2,0,8293,16,18,,,
KaBuM! e-Sports,Split 2,1,11231,18,16,,,
KaBuM! e-Sports,Split 2,1,11327,18,16,,,
KaBuM! e-Sports,Split 2,1,14037,18,16,,,
KaBuM! e-Sports,Split 2,1,16214,18,16,,,
KaBuM! e-Sports,Split 2,1,8314,18,16,,,
Vivo Keyd,Split 2,0,58057,16,18,3.0,2.0,0.0
KaBuM! e-Sports,Split 2,1,61123,18,16,7.0,1.0,1.0
Flamengo Esports,Split 2,1,16593,21,9,,,
Flamengo Esports,Split 2,1,14058,21,9,,,
Flamengo Esports,Split 2,1,14967,21,9,,,
Flamengo Esports,Split 2,1,17376,21,9,,,
Flamengo Esports,Split 2,1,10957,21,9,,,
ProGaming Esports,Split 2,0,12680,9,21,,,
ProGaming Esports,Split 2,0,10779,9,21,,,
ProGaming Esports,Split 2,0,13952,9,21,,,
ProGaming Esports,Split 2,0,12023,9,21,,,
ProGaming Esports,Split 2,0,8302,9,21,,,
Flamengo Esports,Split 2,1,73951,21,9,11.0,3.0,1.0
ProGaming Esports,Split 2,0,57736,9,21,1.0,1.0,0.0
ProGaming Esports,Split 2,1,16243,24,15,,,
ProGaming Esports,Split 2,1,14300,24,15,,,
ProGaming Esports,Split 2,1,15345,24,15,,,
ProGaming Esports,Split 2,1,16065,24,15,,,
ProGaming Esports,Split 2,1,10580,24,15,,,
Flamengo Esports,Split 2,0,13798,15,24,,,
Flamengo Esports,Split 2,0,12934,15,24,,,
Flamengo Esports,Split 2,0,13705,15,24,,,
Flamengo Esports,Split 2,0,14996,15,24,,,
Flamengo Esports,Split 2,0,9250,15,24,,,
ProGaming Esports,Split 2,1,72533,24,15,11.0,1.0,0.0
Flamengo Esports,Split 2,0,64683,15,24,2.0,3.0,1.0
ProGaming Esports,Split 2,1,11699,11,7,,,
ProGaming Esports,Split 2,1,9745,11,7,,,
ProGaming Esports,Split 2,1,10289,11,7,,,
ProGaming Esports,Split 2,1,12706,11,7,,,
ProGaming Esports,Split 2,1,7571,11,7,,,
Flamengo Esports,Split 2,0,10117,7,11,,,
Flamengo Esports,Split 2,0,8483,7,11,,,
Flamengo Esports,Split 2,0,9221,7,11,,,
Flamengo Esports,Split 2,0,11049,7,11,,,
Flamengo Esports,Split 2,0,6443,7,11,,,
ProGaming Esports,Split 2,1,52010,11,7,8.0,2.0,1.0
Flamengo Esports,Split 2,0,45313,7,11,2.0,0.0,0.0
RED Canids,Split 2,0,18864,13,20,,,
RED Canids,Split 2,0,9217,13,20,,,
RED Canids,Split 2,0,18095,13,20,,,
RED Canids,Split 2,0,15735,13,20,,,
RED Canids,Split 2,0,10400,13,20,,,
Ilha da Macacada Gaming,Split 2,1,18491,20,13,,,
Ilha da Macacada Gaming,Split 2,1,15067,20,13,,,
Ilha da Macacada Gaming,Split 2,1,16832,20,13,,,
Ilha da Macacada Gaming,Split 2,1,16364,20,13,,,
Ilha da Macacada Gaming,Split 2,1,13480,20,13,,,
RED Canids,Split 2,0,72311,13,20,3.0,1.0,1.0
Ilha da Macacada Gaming,Split 2,1,80234,20,13,11.0,4.0,1.0
Ilha da Macacada Gaming,Split 2,0,17710,15,22,,,
Ilha da Macacada Gaming,Split 2,0,14535,15,22,,,
Ilha da Macacada Gaming,Split 2,0,18849,15,22,,,
Ilha da Macacada Gaming,Split 2,0,16024,15,22,,,
Ilha da Macacada Gaming,Split 2,0,11001,15,22,,,
RED Canids,Split 2,1,19392,22,15,,,
RED Canids,Split 2,1,14564,22,15,,,
RED Canids,Split 2,1,22515,22,15,,,
RED Canids,Split 2,1,18960,22,15,,,
RED Canids,Split 2,1,10439,22,15,,,
Ilha da Macacada Gaming,Split 2,0,78119,15,22,6.0,0.0,2.0
RED Canids,Split 2,1,85870,22,15,7.0,4.0,0.0
RED Canids,Split 2,1,12387,9,1,,,
RED Canids,Split 2,1,6913,9,1,,,
RED Canids,Split 2,1,13566,9,1,,,
RED Canids,Split 2,1,9266,9,1,,,
RED Canids,Split 2,1,6901,9,1,,,
Ilha da Macacada Gaming,Split 2,0,7739,1,9,,,
Ilha da Macacada Gaming,Split 2,0,6470,1,9,,,
Ilha da Macacada Gaming,Split 2,0,8299,1,9,,,
Ilha da Macacada Gaming,Split 2,0,7988,1,9,,,
Ilha da Macacada Gaming,Split 2,0,4974,1,9,,,
RED Canids,Split 2,1,49033,9,1,9.0,1.0,1.0
Ilha da Macacada Gaming,Split 2,0,35470,1,9,0.0,0.0,0.0
CNB e-Sports Club,Split 2,1,12320,13,3,,,
CNB e-Sports Club,Split 2,1,6175,13,3,,,
CNB e-Sports Club,Split 2,1,8152,13,3,,,
CNB e-Sports Club,Split 2,1,8998,13,3,,,
CNB e-Sports Club,Split 2,1,6065,13,3,,,
INTZ,Split 2,0,6542,3,13,,,
INTZ,Split 2,0,4104,3,13,,,
INTZ,Split 2,0,7952,3,13,,,
INTZ,Split 2,0,6109,3,13,,,
INTZ,Split 2,0,3901,3,13,,,
CNB e-Sports Club,Split 2,1,41710,13,3,9.0,1.0,0.0
INTZ,Split 2,0,28608,3,13,0.0,1.0,0.0
INTZ,Split 2,0,6555,2,8,,,
INTZ,Split 2,0,4958,2,8,,,
INTZ,Split 2,0,7164,2,8,,,
INTZ,Split 2,0,9504,2,8,,,
INTZ,Split 2,0,4761,2,8,,,
CNB e-Sports Club,Split 2,1,12309,8,2,,,
CNB e-Sports Club,Split 2,1,7649,8,2,,,
CNB e-Sports Club,Split 2,1,9107,8,2,,,
CNB e-Sports Club,Split 2,1,9295,8,2,,,
CNB e-Sports Club,Split 2,1,6321,8,2,,,
INTZ,Split 2,0,32942,2,8,0.0,0.0,0.0
CNB e-Sports Club,Split 2,1,44681,8,2,8.0,2.0,1.0
Flamengo Esports,Split 2,1,15284,13,4,,,
Flamengo Esports,Split 2,1,14873,13,4,,,
Flamengo Esports,Split 2,1,8219,13,4,,,
Flamengo Esports,Split 2,1,16427,13,4,,,
Flamengo Esports,Split 2,1,9616,13,4,,,
CNB e-Sports Club,Split 2,0,10389,4,13,,,
CNB e-Sports Club,Split 2,0,9558,4,13,,,
CNB e-Sports Club,Split 2,0,11813,4,13,,,
CNB e-Sports Club,Split 2,0,10958,4,13,,,
CNB e-Sports Club,Split 2,0,6741,4,13,,,
Flamengo Esports,Split 2,1,64419,13,4,11.0,3.0,1.0
CNB e-Sports Club,Split 2,0,49459,4,13,3.0,1.0,0.0
CNB e-Sports Club,Split 2,1,12751,15,10,,,
CNB e-Sports Club,Split 2,1,9096,15,10,,,
CNB e-Sports Club,Split 2,1,9321,15,10,,,
CNB e-Sports Club,Split 2,1,9730,15,10,,,
CNB e-Sports Club,Split 2,1,6475,15,10,,,
Flamengo Esports,Split 2,0,7549,10,15,,,
Flamengo Esports,Split 2,0,9991,10,15,,,
Flamengo Esports,Split 2,0,5481,10,15,,,
Flamengo Esports,Split 2,0,11006,10,15,,,
Flamengo Esports,Split 2,0,5921,10,15,,,
CNB e-Sports Club,Split 2,1,47373,15,10,8.0,2.0,1.0
Flamengo Esports,Split 2,0,39948,10,15,1.0,1.0,0.0
CNB e-Sports Club,Split 2,0,12872,11,21,,,
CNB e-Sports Club,Split 2,0,10910,11,21,,,
CNB e-Sports Club,Split 2,0,12038,11,21,,,
CNB e-Sports Club,Split 2,0,13428,11,21,,,
CNB e-Sports Club,Split 2,0,8590,11,21,,,
Flamengo Esports,Split 2,1,12601,21,11,,,
Flamengo Esports,Split 2,1,14225,21,11,,,
Flamengo Esports,Split 2,1,10087,21,11,,,
Flamengo Esports,Split 2,1,17832,21,11,,,
Flamengo Esports,Split 2,1,10079,21,11,,,
CNB e-Sports Club,Split 2,0,57838,11,21,8.0,1.0,0.0
Flamengo Esports,Split 2,1,64824,21,11,8.0,3.0,2.0
KaBuM! e-Sports,Split 2,1,9732,14,1,,,
KaBuM! e-Sports,Split 2,1,9314,14,1,,,
KaBuM! e-Sports,Split 2,1,11063,14,1,,,
KaBuM! e-Sports,Split 2,1,9393,14,1,,,
KaBuM! e-Sports,Split 2,1,6449,14,1,,,
Ilha da Macacada Gaming,Split 2,0,7569,1,14,,,
Ilha da Macacada Gaming,Split 2,0,6296,1,14,,,
Ilha da Macacada Gaming,Split 2,0,7359,1,14,,,
Ilha da Macacada Gaming,Split 2,0,7687,1,14,,,
Ilha da Macacada Gaming,Split 2,0,4543,1,14,,,
KaBuM! e-Sports,Split 2,1,45951,14,1,11.0,0.0,0.0
Ilha da Macacada Gaming,Split 2,0,33454,1,14,2.0,1.0,0.0
Ilha da Macacada Gaming,Split 2,0,10174,5,12,,,
Ilha da Macacada Gaming,Split 2,0,9302,5,12,,,
Ilha da Macacada Gaming,Split 2,0,10123,5,12,,,
Ilha da Macacada Gaming,Split 2,0,11464,5,12,,,
Ilha da Macacada Gaming,Split 2,0,7279,5,12,,,
KaBuM! e-Sports,Split 2,1,12578,12,5,,,
KaBuM! e-Sports,Split 2,1,11035,12,5,,,
KaBuM! e-Sports,Split 2,1,14397,12,5,,,
KaBuM! e-Sports,Split 2,1,13582,12,5,,,
KaBuM! e-Sports,Split 2,1,8405,12,5,,,
Ilha da Macacada Gaming,Split 2,0,48342,5,12,2.0,1.0,0.0
KaBuM! e-Sports,Split 2,1,59997,12,5,10.0,2.0,1.0
INTZ,Split 2,1,17746,20,8,,,
INTZ,Split 2,1,13776,20,8,,,
INTZ,Split 2,1,16994,20,8,,,
INTZ,Split 2,1,17182,20,8,,,
INTZ,Split 2,1,10968,20,8,,,
ProGaming Esports,Split 2,0,17133,8,20,,,
ProGaming Esports,Split 2,0,13217,8,20,,,
ProGaming Esports,Split 2,0,16441,8,20,,,
ProGaming Esports,Split 2,0,17952,8,20,,,
ProGaming Esports,Split 2,0,9603,8,20,,,
INTZ,Split 2,1,76666,20,8,11.0,2.0,1.0
ProGaming Esports,Split 2,0,74346,8,20,5.0,3.0,1.0
ProGaming Esports,Split 2,1,22958,13,12,,,
ProGaming Esports,Split 2,1,15535,13,12,,,
ProGaming Esports,Split 2,1,17794,13,12,,,
ProGaming Esports,Split 2,1,22806,13,12,,,
ProGaming Esports,Split 2,1,11824,13,12,,,
INTZ,Split 2,0,16282,12,13,,,
INTZ,Split 2,0,15893,12,13,,,
INTZ,Split 2,0,21955,12,13,,,
INTZ,Split 2,0,17064,12,13,,,
INTZ,Split 2,0,10606,12,13,,,
ProGaming Esports,Split 2,1,90917,13,12,10.0,1.0,2.0
INTZ,Split 2,0,81800,12,13,6.0,5.0,1.0
INTZ,Split 2,1,17622,16,10,,,
INTZ,Split 2,1,11564,16,10,,,
INTZ,Split 2,1,12486,16,10,,,
INTZ,Split 2,1,11053,16,10,,,
INTZ,Split 2,1,8350,16,10,,,
ProGaming Esports,Split 2,0,12128,10,16,,,
ProGaming Esports,Split 2,0,9974,10,16,,,
ProGaming Esports,Split 2,0,12531,10,16,,,
ProGaming Esports,Split 2,0,12008,10,16,,,
ProGaming Esports,Split 2,0,6894,10,16,,,
INTZ,Split 2,1,61075,16,10,9.0,2.0,1.0
ProGaming Esports,Split 2,0,53535,10,16,3.0,2.0,0.0
RED Canids,Split 2,1,11033,13,4,,,
RED Canids,Split 2,1,11617,13,4,,,
RED Canids,Split 2,1,12641,13,4,,,
RED Canids,Split 2,1,12688,13,4,,,
RED Canids,Split 2,1,7681,13,4,,,
Vivo Keyd,Split 2,0,8543,4,13,,,
Vivo Keyd,Split 2,0,9214,4,13,,,
Vivo Keyd,Split 2,0,9213,4,13,,,
Vivo Keyd,Split 2,0,10207,4,13,,,
Vivo Keyd,Split 2,0,6403,4,13,,,
RED Canids,Split 2,1,55660,13,4,10.0,3.0,1.0
Vivo Keyd,Split 2,0,43580,4,13,1.0,0.0,0.0
Vivo Keyd,Split 2,0,12741,11,28,,,
Vivo Keyd,Split 2,0,9103,11,28,,,
Vivo Keyd,Split 2,0,14074,11,28,,,
Vivo Keyd,Split 2,0,13369,11,28,,,
Vivo Keyd,Split 2,0,7435,11,28,,,
RED Canids,Split 2,1,14104,28,11,,,
RED Canids,Split 2,1,13915,28,11,,,
RED Canids,Split 2,1,16959,28,11,,,
RED Canids,Split 2,1,14345,28,11,,,
RED Canids,Split 2,1,10108,28,11,,,
Vivo Keyd,Split 2,0,56722,11,28,3.0,0.0,0.0
RED Canids,Split 2,1,69431,28,11,10.0,3.0,2.0
ProGaming Esports,Split 2,0,18657,6,15,,,
ProGaming Esports,Split 2,0,14955,6,15,,,
ProGaming Esports,Split 2,0,17209,6,15,,,
ProGaming Esports,Split 2,0,16534,6,15,,,
ProGaming Esports,Split 2,0,9654,6,15,,,
Ilha da Macacada Gaming,Split 2,1,17528,15,6,,,
Ilha da Macacada Gaming,Split 2,1,12596,15,6,,,
Ilha da Macacada Gaming,Split 2,1,21878,15,6,,,
Ilha da Macacada Gaming,Split 2,1,15145,15,6,,,
Ilha da Macacada Gaming,Split 2,1,10131,15,6,,,
ProGaming Esports,Split 2,0,77009,6,15,7.0,3.0,1.0
Ilha da Macacada Gaming,Split 2,1,77278,15,6,7.0,2.0,0.0
Ilha da Macacada Gaming,Split 2,0,9581,5,14,,,
Ilha da Macacada Gaming,Split 2,0,6706,5,14,,,
Ilha da Macacada Gaming,Split 2,0,9669,5,14,,,
Ilha da Macacada Gaming,Split 2,0,6923,5,14,,,
Ilha da Macacada Gaming,Split 2,0,5612,5,14,,,
ProGaming Esports,Split 2,1,9786,14,5,,,
ProGaming Esports,Split 2,1,10136,14,5,,,
ProGaming Esports,Split 2,1,12391,14,5,,,
ProGaming Esports,Split 2,1,11253,14,5,,,
ProGaming Esports,Split 2,1,6900,14,5,,,
Ilha da Macacada Gaming,Split 2,0,38491,5,14,2.0,2.0,0.0
ProGaming Esports,Split 2,1,50466,14,5,10.0,0.0,1.0
Ilha da Macacada Gaming,Split 2,1,13946,12,8,,,
Ilha da Macacada Gaming,Split 2,1,10363,12,8,,,
Ilha da Macacada Gaming,Split 2,1,13042,12,8,,,
Ilha da Macacada Gaming,Split 2,1,11469,12,8,,,
Ilha da Macacada Gaming,Split 2,1,6773,12,8,,,
ProGaming Esports,Split 2,0,11108,8,12,,,
ProGaming Esports,Split 2,0,10437,8,12,,,
ProGaming Esports,Split 2,0,12159,8,12,,,
ProGaming Esports,Split 2,0,11549,8,12,,,
ProGaming Esports,Split 2,0,6333,8,12,,,
Ilha da Macacada Gaming,Split 2,1,55593,12,8,7.0,2.0,0.0
ProGaming Esports,Split 2,0,51586,8,12,2.0,1.0,0.0
Vivo Keyd,Split 2,0,10674,12,15,,,
Vivo Keyd,Split 2,0,11124,12,15,,,
Vivo Keyd,Split 2,0,12504,12,15,,,
Vivo Keyd,Split 2,0,13442,12,15,,,
Vivo Keyd,Split 2,0,8163,12,15,,,
Flamengo Esports,Split 2,1,13985,15,12,,,
Flamengo Esports,Split 2,1,11791,15,12,,,
Flamengo Esports,Split 2,1,14081,15,12,,,
Flamengo Esports,Split 2,1,14025,15,12,,,
Flamengo Esports,Split 2,1,9064,15,12,,,
Vivo Keyd,Split 2,0,55907,12,15,2.0,1.0,0.0
Flamengo Esports,Split 2,1,62946,15,12,8.0,2.0,0.0
Flamengo Esports,Split 2,1,13041,14,15,,,
Flamengo Esports,Split 2,1,12846,14,15,,,
Flamengo Esports,Split 2,1,12635,14,15,,,
Flamengo Esports,Split 2,1,17372,14,15,,,
Flamengo Esports,Split 2,1,8939,14,15,,,
Vivo Keyd,Split 2,0,15051,15,14,,,
Vivo Keyd,Split 2,0,11330,15,14,,,
Vivo Keyd,Split 2,0,12454,15,14,,,
Vivo Keyd,Split 2,0,15796,15,14,,,
Vivo Keyd,Split 2,0,8376,15,14,,,
Flamengo Esports,Split 2,1,64833,14,15,8.0,0.0,1.0
Vivo Keyd,Split 2,0,63007,15,14,5.0,2.0,0.0
INTZ,Split 2,1,13591,8,1,,,
INTZ,Split 2,1,10334,8,1,,,
INTZ,Split 2,1,11742,8,1,,,
INTZ,Split 2,1,12291,8,1,,,
INTZ,Split 2,1,8427,8,1,,,
RED Canids,Split 2,0,9125,1,8,,,
RED Canids,Split 2,0,7823,1,8,,,
RED Canids,Split 2,0,9827,1,8,,,
RED Canids,Split 2,0,9920,1,8,,,
RED Canids,Split 2,0,6150,1,8,,,
INTZ,Split 2,1,56385,8,1,11.0,1.0,1.0
RED Canids,Split 2,0,42845,1,8,2.0,2.0,0.0
RED Canids,Split 2,1,14263,11,6,,,
RED Canids,Split 2,1,11565,11,6,,,
RED Canids,Split 2,1,15125,11,6,,,
RED Canids,Split 2,1,15058,11,6,,,
RED Canids,Split 2,1,9215,11,6,,,
INTZ,Split 2,0,10573,6,11,,,
INTZ,Split 2,0,10146,6,11,,,
INTZ,Split 2,0,13421,6,11,,,
INTZ,Split 2,0,12791,6,11,,,
INTZ,Split 2,0,8579,6,11,,,
RED Canids,Split 2,1,65226,11,6,11.0,3.0,1.0
INTZ,Split 2,0,55510,6,11,4.0,1.0,0.0
INTZ,Split 2,1,17498,15,12,,,
INTZ,Split 2,1,13739,15,12,,,
INTZ,Split 2,1,17648,15,12,,,
INTZ,Split 2,1,17754,15,12,,,
INTZ,Split 2,1,11972,15,12,,,
RED Canids,Split 2,0,16958,12,15,,,
RED Canids,Split 2,0,12597,12,15,,,
RED Canids,Split 2,0,13639,12,15,,,
RED Canids,Split 2,0,17541,12,15,,,
RED Canids,Split 2,0,9155,12,15,,,
INTZ,Split 2,1,78611,15,12,11.0,2.0,2.0
RED Canids,Split 2,0,69890,12,15,1.0,1.0,0.0
KaBuM! e-Sports,Split 2,1,12831,22,13,,,
KaBuM! e-Sports,Split 2,1,10832,22,13,,,
KaBuM! e-Sports,Split 2,1,13681,22,13,,,
KaBuM! e-Sports,Split 2,1,15691,22,13,,,
KaBuM! e-Sports,Split 2,1,9526,22,13,,,
CNB e-Sports Club,Split 2,0,13178,13,22,,,
CNB e-Sports Club,Split 2,0,8439,13,22,,,
CNB e-Sports Club,Split 2,0,12181,13,22,,,
CNB e-Sports Club,Split 2,0,10495,13,22,,,
CNB e-Sports Club,Split 2,0,7203,13,22,,,
KaBuM! e-Sports,Split 2,1,62561,22,13,10.0,3.0,1.0
CNB e-Sports Club,Split 2,0,51496,13,22,3.0,0.0,0.0
CNB e-Sports Club,Split 2,0,8423,9,15,,,
CNB e-Sports Club,Split 2,0,6542,9,15,,,
CNB e-Sports Club,Split 2,0,8028,9,15,,,
CNB e-Sports Club,Split 2,0,8060,9,15,,,
CNB e-Sports Club,Split 2,0,5831,9,15,,,
KaBuM! e-Sports,Split 2,1,9901,15,9,,,
KaBuM! e-Sports,Split 2,1,9222,15,9,,,
KaBuM! e-Sports,Split 2,1,11655,15,9,,,
KaBuM! e-Sports,Split 2,1,12048,15,9,,,
KaBuM! e-Sports,Split 2,1,7900,15,9,,,
CNB e-Sports Club,Split 2,0,36884,9,15,1.0,1.0,0.0
KaBuM! e-Sports,Split 2,1,50726,15,9,11.0,1.0,1.0
ProGaming Esports,Split 2,0,13217,6,13,,,
ProGaming Esports,Split 2,0,10758,6,13,,,
ProGaming Esports,Split 2,0,13283,6,13,,,
ProGaming Esports,Split 2,0,11628,6,13,,,
ProGaming Esports,Split 2,0,7176,6,13,,,
KaBuM! e-Sports,Split 2,1,14493,13,6,,,
KaBuM! e-Sports,Split 2,1,13281,13,6,,,
KaBuM! e-Sports,Split 2,1,15275,13,6,,,
KaBuM! e-Sports,Split 2,1,16785,13,6,,,
KaBuM! e-Sports,Split 2,1,8623,13,6,,,
ProGaming Esports,Split 2,0,56062,6,13,0.0,1.0,0.0
KaBuM! e-Sports,Split 2,1,68457,13,6,9.0,4.0,2.0
KaBuM! e-Sports,Split 2,1,10801,11,7,,,
KaBuM! e-Sports,Split 2,1,11740,11,7,,,
KaBuM! e-Sports,Split 2,1,12676,11,7,,,
KaBuM! e-Sports,Split 2,1,12934,11,7,,,
KaBuM! e-Sports,Split 2,1,7720,11,7,,,
ProGaming Esports,Split 2,0,9099,7,11,,,
ProGaming Esports,Split 2,0,8698,7,11,,,
ProGaming Esports,Split 2,0,9750,7,11,,,
ProGaming Esports,Split 2,0,10428,7,11,,,
ProGaming Esports,Split 2,0,6012,7,11,,,
KaBuM! e-Sports,Split 2,1,55871,11,7,10.0,3.0,1.0
ProGaming Esports,Split 2,0,43987,7,11,2.0,0.0,0.0
Vivo Keyd,Split 2,1,14663,25,7,,,
Vivo Keyd,Split 2,1,12754,25,7,,,
Vivo Keyd,Split 2,1,14905,25,7,,,
Vivo Keyd,Split 2,1,15833,25,7,,,
Vivo Keyd,Split 2,1,11511,25,7,,,
CNB e-Sports Club,Split 2,0,11675,7,25,,,
CNB e-Sports Club,Split 2,0,11601,7,25,,,
CNB e-Sports Club,Split 2,0,11620,7,25,,,
CNB e-Sports Club,Split 2,0,11033,7,25,,,
CNB e-Sports Club,Split 2,0,8386,7,25,,,
Vivo Keyd,Split 2,1,69666,25,7,11.0,3.0,2.0
CNB e-Sports Club,Split 2,0,54315,7,25,2.0,0.0,0.0
CNB e-Sports Club,Split 2,0,10292,13,31,,,
CNB e-Sports Club,Split 2,0,11067,13,31,,,
CNB e-Sports Club,Split 2,0,10235,13,31,,,
CNB e-Sports Club,Split 2,0,11689,13,31,,,
CNB e-Sports Club,Split 2,0,7726,13,31,,,
Vivo Keyd,Split 2,1,13875,31,13,,,
Vivo Keyd,Split 2,1,12594,31,13,,,
Vivo Keyd,Split 2,1,15214,31,13,,,
Vivo Keyd,Split 2,1,13217,31,13,,,
Vivo Keyd,Split 2,1,9865,31,13,,,
CNB e-Sports Club,Split 2,0,51009,13,31,3.0,2.0,0.0
Vivo Keyd,Split 2,1,64765,31,13,9.0,1.0,1.0
Ilha da Macacada Gaming,Split 2,0,15402,6,11,,,
Ilha da Macacada Gaming,Split 2,0,10817,6,11,,,
Ilha da Macacada Gaming,Split 2,0,15015,6,11,,,
Ilha da Macacada Gaming,Split 2,0,14397,6,11,,,
Ilha da Macacada Gaming,Split 2,0,7394,6,11,,,
INTZ,Split 2,1,14586,11,6,,,
INTZ,Split 2,1,14252,11,6,,,
INTZ,Split 2,1,16414,11,6,,,
INTZ,Split 2,1,16171,11,6,,,
INTZ,Split 2,1,10863,11,6,,,
Ilha da Macacada Gaming,Split 2,0,63025,6,11,2.0,0.0,0.0
INTZ,Split 2,1,72286,11,6,10.0,3.0,1.0
INTZ,Split 2,0,11531,3,14,,,
INTZ,Split 2,0,9349,3,14,,,
INTZ,Split 2,0,12126,3,14,,,
INTZ,Split 2,0,10330,3,14,,,
INTZ,Split 2,0,6764,3,14,,,
Ilha da Macacada Gaming,Split 2,1,14217,14,3,,,
Ilha da Macacada Gaming,Split 2,1,10601,14,3,,,
Ilha da Macacada Gaming,Split 2,1,12585,14,3,,,
Ilha da Macacada Gaming,Split 2,1,13026,14,3,,,
Ilha da Macacada Gaming,Split 2,1,8853,14,3,,,
INTZ,Split 2,0,50100,3,14,2.0,1.0,0.0
Ilha da Macacada Gaming,Split 2,1,59282,14,3,11.0,3.0,0.0
INTZ,Split 2,0,18964,12,15,,,
INTZ,Split 2,0,13769,12,15,,,
INTZ,Split 2,0,16827,12,15,,,
INTZ,Split 2,0,18758,12,15,,,
INTZ,Split 2,0,11575,12,15,,,
Ilha da Macacada Gaming,Split 2,1,22427,15,12,,,
Ilha da Macacada Gaming,Split 2,1,15020,15,12,,,
Ilha da Macacada Gaming,Split 2,1,17844,15,12,,,
Ilha da Macacada Gaming,Split 2,1,17646,15,12,,,
Ilha da Macacada Gaming,Split 2,1,11054,15,12,,,
INTZ,Split 2,0,79893,12,15,8.0,0.0,2.0
Ilha da Macacada Gaming,Split 2,1,83991,15,12,10.0,5.0,1.0
RED Canids,Split 2,0,14282,12,11,,,
RED Canids,Split 2,0,13003,12,11,,,
RED Canids,Split 2,0,16736,12,11,,,
RED Canids,Split 2,0,16614,12,11,,,
RED Canids,Split 2,0,9479,12,11,,,
Flamengo Esports,Split 2,1,16841,11,12,,,
Flamengo Esports,Split 2,1,16175,11,12,,,
Flamengo Esports,Split 2,1,15580,11,12,,,
Flamengo Esports,Split 2,1,18320,11,12,,,
Flamengo Esports,Split 2,1,10705,11,12,,,
RED Canids,Split 2,0,70114,12,11,2.0,2.0,0.0
Flamengo Esports,Split 2,1,77621,11,12,11.0,4.0,3.0
Flamengo Esports,Split 2,1,15506,17,16,,,
Flamengo Esports,Split 2,1,15835,17,16,,,
Flamengo Esports,Split 2,1,12925,17,16,,,
Flamengo Esports,Split 2,1,15872,17,16,,,
Flamengo Esports,Split 2,1,8952,17,16,,,
RED Canids,Split 2,0,11500,16,17,,,
RED Canids,Split 2,0,10663,16,17,,,
RED Canids,Split 2,0,13543,16,17,,,
RED Canids,Split 2,0,13666,16,17,,,
RED Canids,Split 2,0,7824,16,17,,,
Flamengo Esports,Split 2,1,69090,17,16,11.0,3.0,2.0
RED Canids,Split 2,0,57196,16,17,1.0,2.0,0.0
Vivo Keyd,,1,14180,15,6,,,
Vivo Keyd,,1,13058,15,6,,,
Vivo Keyd,,1,15417,15,6,,,
Vivo Keyd,,1,15159,15,6,,,
Vivo Keyd,,1,10514,15,6,,,
Ilha da Macacada Gaming,,0,10752,6,15,,,
Ilha da Macacada Gaming,,0,8287,6,15,,,
Ilha da Macacada Gaming,,0,13712,6,15,,,
Ilha da Macacada Gaming,,0,11555,6,15,,,
Ilha da Macacada Gaming,,0,7085,6,15,,,
Vivo Keyd,,1,68328,15,6,11.0,2.0,1.0
Ilha da Macacada Gaming,,0,51391,6,15,1.0,1.0,0.0
Vivo Keyd,,1,13768,9,5,,,
Vivo Keyd,,1,10518,9,5,,,
Vivo Keyd,,1,13440,9,5,,,
Vivo Keyd,,1,14352,9,5,,,
Vivo Keyd,,1,8202,9,5,,,
Ilha da Macacada Gaming,,0,12516,5,9,,,
Ilha da Macacada Gaming,,0,9555,5,9,,,
Ilha da Macacada Gaming,,0,12935,5,9,,,
Ilha da Macacada Gaming,,0,11254,5,9,,,
Ilha da Macacada Gaming,,0,6329,5,9,,,
Vivo Keyd,,1,60280,9,5,8.0,2.0,1.0
Ilha da Macacada Gaming,,0,52589,5,9,4.0,2.0,0.0
Ilha da Macacada Gaming,,0,14246,8,20,,,
Ilha da Macacada Gaming,,0,8948,8,20,,,
Ilha da Macacada Gaming,,0,11818,8,20,,,
Ilha da Macacada Gaming,,0,10690,8,20,,,
Ilha da Macacada Gaming,,0,7225,8,20,,,
Vivo Keyd,,1,14808,20,8,,,
Vivo Keyd,,1,12679,20,8,,,
Vivo Keyd,,1,13583,20,8,,,
Vivo Keyd,,1,16362,20,8,,,
Vivo Keyd,,1,10236,20,8,,,
Ilha da Macacada Gaming,,0,52927,8,20,1.0,0.0,1.0
Vivo Keyd,,1,67668,20,8,10.0,4.0,1.0
CNB e-Sports Club,,1,17100,19,6,,,
CNB e-Sports Club,,1,10536,19,6,,,
CNB e-Sports Club,,1,13346,19,6,,,
CNB e-Sports Club,,1,12040,19,6,,,
CNB e-Sports Club,,1,9256,19,6,,,
Vivo Keyd,,0,11203,6,19,,,
Vivo Keyd,,0,10074,6,19,,,
Vivo Keyd,,0,12158,6,19,,,
Vivo Keyd,,0,10778,6,19,,,
Vivo Keyd,,0,6248,6,19,,,
CNB e-Sports Club,,1,62278,19,6,10.0,3.0,1.0
Vivo Keyd,,0,50461,6,19,2.0,0.0,1.0
CNB e-Sports Club,,0,10585,10,26,,,
CNB e-Sports Club,,0,8665,10,26,,,
CNB e-Sports Club,,0,11629,10,26,,,
CNB e-Sports Club,,0,10932,10,26,,,
CNB e-Sports Club,,0,6712,10,26,,,
Vivo Keyd,,1,13446,26,10,,,
Vivo Keyd,,1,11641,26,10,,,
Vivo Keyd,,1,15537,26,10,,,
Vivo Keyd,,1,14879,26,10,,,
Vivo Keyd,,1,9863,26,10,,,
CNB e-Sports Club,,0,48523,10,26,3.0,0.0,0.0
Vivo Keyd,,1,65366,26,10,9.0,3.0,1.0
Vivo Keyd,,0,14353,26,25,,,
Vivo Keyd,,0,11419,26,25,,,
Vivo Keyd,,0,10726,26,25,,,
Vivo Keyd,,0,14200,26,25,,,
Vivo Keyd,,0,9269,26,25,,,
CNB e-Sports Club,,1,15812,25,26,,,
CNB e-Sports Club,,1,9944,25,26,,,
CNB e-Sports Club,,1,16053,25,26,,,
CNB e-Sports Club,,1,13510,25,26,,,
CNB e-Sports Club,,1,9146,25,26,,,
Vivo Keyd,,0,59967,26,25,3.0,2.0,0.0
CNB e-Sports Club,,1,64465,25,26,6.0,1.0,1.0
CNB e-Sports Club,,0,16380,16,34,,,
CNB e-Sports Club,,0,9350,16,34,,,
CNB e-Sports Club,,0,13348,16,34,,,
CNB e-Sports Club,,0,11309,16,34,,,
CNB e-Sports Club,,0,7991,16,34,,,
Vivo Keyd,,1,15728,34,16,,,
Vivo Keyd,,1,14022,34,16,,,
Vivo Keyd,,1,16700,34,16,,,
Vivo Keyd,,1,14659,34,16,,,
Vivo Keyd,,1,9943,34,16,,,
CNB e-Sports Club,,0,58378,16,34,3.0,2.0,0.0
Vivo Keyd,,1,71052,34,16,10.0,2.0,2.0
CNB e-Sports Club,,1,18800,17,22,,,
CNB e-Sports Club,,1,13071,17,22,,,
CNB e-Sports Club,,1,19416,17,22,,,
CNB e-Sports Club,,1,19439,17,22,,,
CNB e-Sports Club,,1,12335,17,22,,,
Vivo Keyd,,0,19201,22,17,,,
Vivo Keyd,,0,15596,22,17,,,
Vivo Keyd,,0,19598,22,17,,,
Vivo Keyd,,0,18484,22,17,,,
Vivo Keyd,,0,13635,22,17,,,
CNB e-Sports Club,,1,83061,17,22,8.0,4.0,0.0
Vivo Keyd,,0,86514,22,17,6.0,0.0,2.0
Flamengo Esports,,1,12678,15,10,,,
Flamengo Esports,,1,13209,15,10,,,
Flamengo Esports,,1,14296,15,10,,,
Flamengo Esports,,1,16348,15,10,,,
Flamengo Esports,,1,9427,15,10,,,
CNB e-Sports Club,,0,14502,10,15,,,
CNB e-Sports Club,,0,9691,10,15,,,
CNB e-Sports Club,,0,14002,10,15,,,
CNB e-Sports Club,,0,12666,10,15,,,
CNB e-Sports Club,,0,8525,10,15,,,
Flamengo Esports,,1,65958,15,10,7.0,3.0,2.0
CNB e-Sports Club,,0,59386,10,15,6.0,1.0,0.0
CNB e-Sports Club,,0,8008,3,13,,,
CNB e-Sports Club,,0,6475,3,13,,,
CNB e-Sports Club,,0,8809,3,13,,,
CNB e-Sports Club,,0,8464,3,13,,,
CNB e-Sports Club,,0,5985,3,13,,,
Flamengo Esports,,1,11084,13,3,,,
Flamengo Esports,,1,9610,13,3,,,
Flamengo Esports,,1,10692,13,3,,,
Flamengo Esports,,1,12185,13,3,,,
Flamengo Esports,,1,7772,13,3,,,
CNB e-Sports Club,,0,37741,3,13,3.0,0.0,0.0
Flamengo Esports,,1,51343,13,3,11.0,3.0,1.0
CNB e-Sports Club,,0,9068,4,18,,,
CNB e-Sports Club,,0,7676,4,18,,,
CNB e-Sports Club,,0,8480,4,18,,,
CNB e-Sports Club,,0,9732,4,18,,,
CNB e-Sports Club,,0,5784,4,18,,,
Flamengo Esports,,1,10746,18,4,,,
Flamengo Esports,,1,10421,18,4,,,
Flamengo Esports,,1,11641,18,4,,,
Flamengo Esports,,1,10929,18,4,,,
Flamengo Esports,,1,7397,18,4,,,
CNB e-Sports Club,,0,40740,4,18,2.0,0.0,0.0
Flamengo Esports,,1,51134,18,4,7.0,2.0,0.0
KaBuM! e-Sports,,0,7928,5,13,,,
KaBuM! e-Sports,,0,7829,5,13,,,
KaBuM! e-Sports,,0,8373,5,13,,,
KaBuM! e-Sports,,0,9363,5,13,,,
KaBuM! e-Sports,,0,5473,5,13,,,
Flamengo Esports,,1,10833,13,5,,,
Flamengo Esports,,1,11286,13,5,,,
Flamengo Esports,,1,12152,13,5,,,
Flamengo Esports,,1,10774,13,5,,,
Flamengo Esports,,1,7203,13,5,,,
KaBuM! e-Sports,,0,38966,5,13,1.0,0.0,0.0
Flamengo Esports,,1,52248,13,5,9.0,2.0,1.0
KaBuM! e-Sports,,1,14170,23,8,,,
KaBuM! e-Sports,,1,13613,23,8,,,
KaBuM! e-Sports,,1,12715,23,8,,,
KaBuM! e-Sports,,1,13310,23,8,,,
KaBuM! e-Sports,,1,9501,23,8,,,
Flamengo Esports,,0,11503,8,23,,,
Flamengo Esports,,0,9491,8,23,,,
Flamengo Esports,,0,11954,8,23,,,
Flamengo Esports,,0,9657,8,23,,,
Flamengo Esports,,0,6799,8,23,,,
KaBuM! e-Sports,,1,63309,23,8,10.0,3.0,1.0
Flamengo Esports,,0,49404,8,23,2.0,0.0,0.0
KaBuM! e-Sports,,1,21422,20,14,,,
KaBuM! e-Sports,,1,15547,20,14,,,
KaBuM! e-Sports,,1,22008,20,14,,,
KaBuM! e-Sports,,1,21318,20,14,,,
KaBuM! e-Sports,,1,11668,20,14,,,
Flamengo Esports,,0,16879,14,20,,,
Flamengo Esports,,0,14085,14,20,,,
Flamengo Esports,,0,20554,14,20,,,
Flamengo Esports,,0,19291,14,20,,,
Flamengo Esports,,0,11445,14,20,,,
KaBuM! e-Sports,,1,91963,20,14,11.0,3.0,1.0
Flamengo Esports,,0,82254,14,20,4.0,2.0,1.0
Flamengo Esports,,1,13835,28,10,,,
Flamengo Esports,,1,11787,28,10,,,
Flamengo Esports,,1,14566,28,10,,,
Flamengo Esports,,1,11769,28,10,,,
Flamengo Esports,,1,9875,28,10,,,
KaBuM! e-Sports,,0,9532,10,28,,,
KaBuM! e-Sports,,0,8564,10,28,,,
KaBuM! e-Sports,,0,11114,10,28,,,
KaBuM! e-Sports,,0,13657,10,28,,,
KaBuM! e-Sports,,0,7060,10,28,,,
Flamengo Esports,,1,61832,28,10,10.0,2.0,1.0
KaBuM! e-Sports,,0,49927,10,28,5.0,1.0,0.0
KaBuM! e-Sports,,1,11183,12,12,,,
KaBuM! e-Sports,,1,9742,12,12,,,
KaBuM! e-Sports,,1,10853,12,12,,,
KaBuM! e-Sports,,1,13185,12,12,,,
KaBuM! e-Sports,,1,6923,12,12,,,
Flamengo Esports,,0,7721,12,12,,,
Flamengo Esports,,0,9949,12,12,,,
Flamengo Esports,,0,10907,12,12,,,
Flamengo Esports,,0,10743,12,12,,,
Flamengo Esports,,0,6326,12,12,,,
KaBuM! e-Sports,,1,51886,12,12,7.0,1.0,1.0
Flamengo Esports,,0,45646,12,12,3.0,2.0,0.0
Ilha da Macacada Gaming,,0,19193,14,15,,,
Ilha da Macacada Gaming,,0,11132,14,15,,,
Ilha da Macacada Gaming,,0,15057,14,15,,,
Ilha da Macacada Gaming,,0,15139,14,15,,,
Ilha da Macacada Gaming,,0,10224,14,15,,,
INTZ,,1,15682,15,14,,,
INTZ,,1,11717,15,14,,,
INTZ,,1,14904,15,14,,,
INTZ,,1,15800,15,14,,,
INTZ,,1,9799,15,14,,,
Ilha da Macacada Gaming,,0,70745,14,15,7.0,2.0,1.0
INTZ,,1,67902,15,14,9.0,2.0,1.0
Ilha da Macacada Gaming,,1,10832,14,18,,,
Ilha da Macacada Gaming,,1,11913,14,18,,,
Ilha da Macacada Gaming,,1,15565,14,18,,,
Ilha da Macacada Gaming,,1,12002,14,18,,,
Ilha da Macacada Gaming,,1,7896,14,18,,,
INTZ,,0,12405,18,14,,,
INTZ,,0,11014,18,14,,,
INTZ,,0,13215,18,14,,,
INTZ,,0,11672,18,14,,,
INTZ,,0,8359,18,14,,,
Ilha da Macacada Gaming,,1,58208,14,18,7.0,0.0,1.0
INTZ,,0,56665,18,14,5.0,3.0,1.0
Ilha da Macacada Gaming,,1,14588,13,9,,,
Ilha da Macacada Gaming,,1,13484,13,9,,,
Ilha da Macacada Gaming,,1,15089,13,9,,,
Ilha da Macacada Gaming,,1,15762,13,9,,,
Ilha da Macacada Gaming,,1,9199,13,9,,,
INTZ,,0,12876,9,13,,,
INTZ,,0,10867,9,13,,,
INTZ,,0,13124,9,13,,,
INTZ,,0,12262,9,13,,,
INTZ,,0,8210,9,13,,,
Ilha da Macacada Gaming,,1,68122,13,9,8.0,3.0,1.0
INTZ,,0,57339,9,13,4.0,1.0,0.0
ProGaming Esports,,0,10718,7,22,,,
ProGaming Esports,,0,9261,7,22,,,
ProGaming Esports,,0,10498,7,22,,,
ProGaming Esports,,0,12248,7,22,,,
ProGaming Esports,,0,7606,7,22,,,
INTZ,,1,14695,22,8,,,
INTZ,,1,12344,22,8,,,
INTZ,,1,15455,22,8,,,
INTZ,,1,15575,22,8,,,
INTZ,,1,9218,22,8,,,
ProGaming Esports,,0,50331,7,22,0.0,0.0,0.0
INTZ,,1,67287,22,8,11.0,2.0,1.0
INTZ,,0,12792,22,22,,,
INTZ,,0,13727,22,22,,,
INTZ,,0,16385,22,22,,,
INTZ,,0,16126,22,22,,,
INTZ,,0,10032,22,22,,,
ProGaming Esports,,1,15404,22,22,,,
ProGaming Esports,,1,13458,22,22,,,
ProGaming Esports,,1,18117,22,22,,,
ProGaming Esports,,1,16293,22,22,,,
ProGaming Esports,,1,8596,22,22,,,
INTZ,,0,69062,22,22,9.0,1.0,1.0
ProGaming Esports,,1,71868,22,22,10.0,2.0,1.0
ProGaming Esports,,1,11052,11,6,,,
ProGaming Esports,,1,12333,11,6,,,
ProGaming Esports,,1,13895,11,6,,,
ProGaming Esports,,1,13594,11,6,,,
ProGaming Esports,,1,7289,11,6,,,
INTZ,,0,9389,6,11,,,
INTZ,,0,8821,6,11,,,
INTZ,,0,10260,6,11,,,
INTZ,,0,10844,6,11,,,
INTZ,,0,6859,6,11,,,
ProGaming Esports,,1,58163,11,6,9.0,2.0,1.0
INTZ,,0,46173,6,11,2.0,0.0,0.0
INTZ,,1,13580,10,3,,,
INTZ,,1,12026,10,3,,,
INTZ,,1,11864,10,3,,,
INTZ,,1,13195,10,3,,,
INTZ,,1,8330,10,3,,,
paiN Gaming,,0,8763,3,10,,,
paiN Gaming,,0,8494,3,10,,,
paiN Gaming,,0,9806,3,10,,,
paiN Gaming,,0,9806,3,10,,,
paiN Gaming,,0,5890,3,10,,,
INTZ,,1,58995,10,3,11.0,3.0,1.0
paiN Gaming,,0,42759,3,10,2.0,0.0,0.0
paiN Gaming,,0,10918,7,12,,,
paiN Gaming,,0,9583,7,12,,,
paiN Gaming,,0,12392,7,12,,,
paiN Gaming,,0,14028,7,12,,,
paiN Gaming,,0,8705,7,12,,,
INTZ,,1,15306,12,7,,,
INTZ,,1,11109,12,7,,,
INTZ,,1,14121,12,7,,,
INTZ,,1,13918,12,7,,,
INTZ,,1,8742,12,7,,,
paiN Gaming,,0,55626,7,12,5.0,1.0,1.0
INTZ,,1,63196,12,7,10.0,2.0,1.0
INTZ,,1,11993,9,4,,,
INTZ,,1,10724,9,4,,,
INTZ,,1,13484,9,4,,,
INTZ,,1,11950,9,4,,,
INTZ,,1,8089,9,4,,,
paiN Gaming,,0,10169,4,9,,,
paiN Gaming,,0,7571,4,9,,,
paiN Gaming,,0,9435,4,9,,,
paiN Gaming,,0,9982,4,9,,,
paiN Gaming,,0,6352,4,9,,,
INTZ,,1,56240,9,4,11.0,2.0,1.0
paiN Gaming,,0,43509,4,9,1.0,0.0,0.0